Code;Company;Link;"""Market Cap""";"""Last trade""";Change;%Change;Sector;ZW1;ZW2;Ticker JSE;Ticker;Ticker Yahoo
JSE:4SI;"""4Sight Holdings Limited (JSE:4SI)""";https://www.listcorp.com/jse/4si/4sight-holdings-limited;"""	385197000""";0,7;0;0;Financials;"(JSE:4SI)""";(JSE:4SI;JSE:4SI;4SI;4SI.JO
JSE:ABG;"""Absa Group Limited (JSE:ABG)""";https://www.listcorp.com/jse/abg/absa-group-limited;"""	155076000000""";173,19;-0,21;-0,12;Financials;"(JSE:ABG)""";(JSE:ABG;JSE:ABG;ABG;ABG.JO
JSE:APF;"""Accelerate Property Fund Ltd (JSE:APF)""";https://www.listcorp.com/jse/apf/accelerate-property-fund-ltd;"""	1085790000""";0,59;0;0;Financials;"(JSE:APF)""";(JSE:APF;JSE:APF;APF;APF.JO
JSE:ACS;"""Acsion Limited (JSE:ACS)""";https://www.listcorp.com/jse/acs/acsion-limited;"""	3266320000""";7,9;-0,37;-4,47;Financials;"(JSE:ACS)""";(JSE:ACS;JSE:ACS;ACS;ACS.JO
JSE:AIP;"""Adcock Ingram Holdings (JSE:AIP)""";https://www.listcorp.com/jse/aip/adcock-ingram-holdings;"""	7984350000""";49,37;-0,13;-0,26;"""Health Care""";"(JSE:AIP)""";(JSE:AIP;JSE:AIP;AIP;AIP.JO
JSE:ADR;"""Adcorp Holdings Limited (JSE:ADR)""";https://www.listcorp.com/jse/adr/adcorp-holdings-limited;"""	714226000""";6,5;0;0;Industrials;"(JSE:ADR)""";(JSE:ADR;JSE:ADR;ADR;ADR.JO
JSE:ADH;"""ADvTECH Limited (JSE:ADH)""";https://www.listcorp.com/jse/adh/advtech-limited;"""	17276900000""";31,47;0,31;0,99;"""Consumer Services""";"(JSE:ADH)""";(JSE:ADH;JSE:ADH;ADH;ADH.JO
JSE:AFE;"""AECI Limited (JSE:AFE)""";https://www.listcorp.com/jse/afe/aeci-limited;"""	10973800000""";103,5;-0,5;-0,48;"""Basic Materials""";"(JSE:AFE)""";(JSE:AFE;JSE:AFE;AFE;AFE.JO
JSE:AON;"""African and Overseas Enterprises - N Shares (JSE:AON)""";https://www.listcorp.com/jse/aon/african-and-overseas-enterprises-n;"""	163551000""";16;0;0;"""Consumer Services""";"(JSE:AON)""";(JSE:AON;JSE:AON;AON;AON.JO
JSE:AOO;"""African and Overseas Enterprises Limited (JSE:AOO)""";https://www.listcorp.com/jse/aoo/african-and-overseas-enterprises-limited;"""	26304700""";16,25;0;0;"""Consumer Services""";"(JSE:AOO)""";(JSE:AOO;JSE:AOO;AOO;AOO.JO
JSE:ADW;"""African Dawn Capital (JSE:ADW)""";https://www.listcorp.com/jse/adw/african-dawn-capital;"""	6616040""";0,09;0;0;Financials;"(JSE:ADW)""";(JSE:ADW;JSE:ADW;ADW;ADW.JO
JSE:AME;"""African Media Entertainment (JSE:AME)""";https://www.listcorp.com/jse/ame/african-media-entertainment;"""	345786000""";49,9;0;0;"""Consumer Services""";"(JSE:AME)""";(JSE:AME;JSE:AME;AME;AME.JO
JSE:ARI;"""African Rainbow Minerals (JSE:ARI)""";https://www.listcorp.com/jse/ari/african-rainbow-minerals;"""	37642800000""";168,78;-1,22;-0,72;"""Basic Materials""";"(JSE:ARI)""";(JSE:ARI;JSE:ARI;ARI;ARI.JO
JSE:AFT;"""Afrimat Limited (JSE:AFT)""";https://www.listcorp.com/jse/aft/afrimat-limited;"""	7315980000""";46,3;0,66;1,45;Industrials;"(JSE:AFT)""";(JSE:AFT;JSE:AFT;AFT;AFT.JO
JSE:ACT;"""Afrocentric Investment Corp (JSE:ACT)""";https://www.listcorp.com/jse/act/afrocentric-investment-corp;"""	1261030000""";1,5;0;0;"""Health Care""";"(JSE:ACT)""";(JSE:ACT;JSE:ACT;ACT;ACT.JO
JSE:AHL;"""AH-Vest Limited (JSE:AHL)""";https://www.listcorp.com/jse/ahl/ah-vest-limited;"""	3061070""";0,03;0;0;"""Consumer Goods""";"(JSE:AHL)""";(JSE:AHL;JSE:AHL;AHL;AHL.JO
JSE:AFH;"""Alexander Forbes Group Holdings Limited (JSE:AFH)""";https://www.listcorp.com/jse/afh/alexander-forbes;"""	10978100000""";8,31;-0,21;-2,46;Financials;"(JSE:AFH)""";(JSE:AFH;JSE:AFH;AFH;AFH.JO
JSE:AEL;"""Allied Electronics Corporation (JSE:AEL)""";https://www.listcorp.com/jse/ael/allied-electronics-corporation;"""	8023950000""";19,86;0,4;2,06;Technology;"(JSE:AEL)""";(JSE:AEL;JSE:AEL;AEL;AEL.JO
JSE:APH;"""Alphamin Resources Corporation (JSE:APH)""";https://www.listcorp.com/jse/aph/alphamin-resources-corporation;"""	15030800000""";11,8;0;0;"""Basic Materials""";"(JSE:APH)""";(JSE:APH;JSE:APH;APH;APH.JO
JSE:AGL;"""Anglo American plc (JSE:AGL)""";https://www.listcorp.com/jse/agl/anglo-american-plc;"""	581368000000""";496,15;2,66;0,54;"""Basic Materials""";"(JSE:AGL)""";(JSE:AGL;JSE:AGL;AGL;AGL.JO
JSE:ANG;"""Anglogold Ashanti (JSE:ANG)""";https://www.listcorp.com/jse/ang/anglogold-ashanti;"""	440904000000""";856,24;-17,74;-2,03;"""Basic Materials""";"(JSE:ANG)""";(JSE:ANG;JSE:ANG;ANG;ANG.JO
JSE:ANH;"""Anheuser-Busch Inbev (JSE:ANH)""";https://www.listcorp.com/jse/anh/anheuser-busch-inbev;"""	2297130000000""";1283,69;5,5;0,43;"""Consumer Goods""";"(JSE:ANH)""";(JSE:ANH;JSE:ANH;ANH;ANH.JO
JSE:ACL;"""ArcelorMittal South Africa Limited (JSE:ACL)""";https://www.listcorp.com/jse/acl/arcelormittal-south-africa-limited;"""	1172200000""";1,07;0,04;3,88;"""Basic Materials""";"(JSE:ACL)""";(JSE:ACL;JSE:ACL;ACL;ACL.JO
JSE:ART;"""Argent Industrial Limited (JSE:ART)""";https://www.listcorp.com/jse/art/argent-industrial-limited;"""	1411400000""";25,89;-0,04;-0,15;Industrials;"(JSE:ART)""";(JSE:ART;JSE:ART;ART;ART.JO
JSE:AHA;"""Arrowhead Properties Limited A (JSE:AHA)""";https://www.listcorp.com/jse/aha/arrowhead-properties-limited-a;"""	571367000""";9,11;0;0;Financials;"(JSE:AHA)""";(JSE:AHA;JSE:AHA;AHA;AHA.JO
JSE:AHB;"""Arrowhead Properties Limited B (JSE:AHB)""";https://www.listcorp.com/jse/ahb/arrowhead-properties-limited-b;"""	2428630000""";2,47;0,03;1,23;Financials;"(JSE:AHB)""";(JSE:AHB;JSE:AHB;AHB;AHB.JO
JSE:ASC;"""Ascendis Health Limited (JSE:ASC)""";https://www.listcorp.com/jse/asc/ascendis-health-limited;"""	537599000""";0,85;0;0;"""Health Care""";"(JSE:ASC)""";(JSE:ASC;JSE:ASC;ASC;ASC.JO
JSE:APN;"""Aspen Pharmacare Holdings Limited (JSE:APN)""";https://www.listcorp.com/jse/apn/aspen-pharmacare-holdings;"""	53349500000""";121,54;1,98;1,66;"""Health Care""";"(JSE:APN)""";(JSE:APN;JSE:APN;APN;APN.JO
JSE:ARA;"""Astoria Investments Limited (JSE:ARA)""";https://www.listcorp.com/jse/ara/astoria-investments-limited;"""	418920000""";6,5;-0,25;-3,7;Financials;"(JSE:ARA)""";(JSE:ARA;JSE:ARA;ARA;ARA.JO
JSE:ARL;"""Astral Foods Limited (JSE:ARL)""";https://www.listcorp.com/jse/arl/astral-foods-limited;"""	7716990000""";179,61;-0,18;-0,1;"""Consumer Goods""";"(JSE:ARL)""";(JSE:ARL;JSE:ARL;ARL;ARL.JO
JSE:ATT;"""Attacq Limited (JSE:ATT)""";https://www.listcorp.com/jse/att/attacq-limited;"""	10685600000""";14,45;0,13;0,91;Financials;"(JSE:ATT)""";(JSE:ATT;JSE:ATT;ATT;ATT.JO
JSE:AEG;"""Aveng Group Limited (JSE:AEG)""";https://www.listcorp.com/jse/aeg/aveng-group-limited;"""	784423000""";6,09;-0,08;-1,3;Industrials;"(JSE:AEG)""";(JSE:AEG;JSE:AEG;AEG;AEG.JO
JSE:AVI;"""AVI Limited (JSE:AVI)""";https://www.listcorp.com/jse/avi/avi-limited;"""	31095600000""";91,68;0,24;0,26;"""Consumer Goods""";"(JSE:AVI)""";(JSE:AVI;JSE:AVI;AVI;AVI.JO
JSE:AYO;"""AYO Tech Solutions (JSE:AYO)""";https://www.listcorp.com/jse/ayo/ayo-tech-solutions;"""	156923000""";0,48;0;0;Technology;"(JSE:AYO)""";(JSE:AYO;JSE:AYO;AYO;AYO.JO
JSE:BWN;"""Balwin Properties Limited (JSE:BWN)""";https://www.listcorp.com/jse/bwn/balwin-properties-limited;"""	1314110000""";2,53;0;0;Financials;"(JSE:BWN)""";(JSE:BWN;JSE:BWN;BWN;BWN.JO
JSE:BAW;"""Barloworld Limited (JSE:BAW)""";https://www.listcorp.com/jse/baw/barloworld-limited;"""	20807500000""";110;0,29;0,26;Industrials;"(JSE:BAW)""";(JSE:BAW;JSE:BAW;BAW;BAW.JO
JSE:BEL;"""Bell Equipment Limited (JSE:BEL)""";https://www.listcorp.com/jse/bel/bell-equipment-limited;"""	4014520000""";40,48;-1,5;-3,57;Industrials;"(JSE:BEL)""";(JSE:BEL;JSE:BEL;BEL;BEL.JO
JSE:BHG;"""BHP Group Limited (JSE:BHG)""";https://www.listcorp.com/jse/bhg/bhp-group-limited;"""	2145420000000""";424,12;1,48;0,35;"""Basic Materials""";"(JSE:BHG)""";(JSE:BHG;JSE:BHG;BHG;BHG.JO
JSE:BID;"""Bid Corporation Limited (JSE:BID)""";https://www.listcorp.com/jse/bid/bidcorp;"""	153227000000""";457,01;2,18;0,48;"""Consumer Services""";"(JSE:BID)""";(JSE:BID;JSE:BID;BID;BID.JO
JSE:BVT;"""Bidvest Group (JSE:BVT)""";https://www.listcorp.com/jse/bvt/bidvest-group;"""	78239300000""";232,13;2,21;0,96;Industrials;"(JSE:BVT)""";(JSE:BVT;JSE:BVT;BVT;BVT.JO
JSE:BLU;"""Blue Label Telecoms (JSE:BLU)""";https://www.listcorp.com/jse/blu/blue-label-telecoms;"""	11968900000""";13,49;0,39;2,98;Telecommunications;"(JSE:BLU)""";(JSE:BLU;JSE:BLU;BLU;BLU.JO
JSE:BCF;"""Bowler Metcalf Limited (JSE:BCF)""";https://www.listcorp.com/jse/bcf/bowler-metcalf-limited;"""	970399000""";12,99;0;0;Industrials;"(JSE:BCF)""";(JSE:BCF;JSE:BCF;BCF;BCF.JO
JSE:BOX;"""Boxer Retail Limited (JSE:BOX)""";https://www.listcorp.com/jse/box/boxer-retail-limited;"""	30138600000""";66,03;0,14;0,21;"""Consumer Services""";"(JSE:BOX)""";(JSE:BOX;JSE:BOX;BOX;BOX.JO
JSE:BAT;"""Brait PLC (JSE:BAT)""";https://www.listcorp.com/jse/bat/brait-plc;"""	8497910000""";2,18;-0,02;-0,91;Financials;"(JSE:BAT)""";(JSE:BAT;JSE:BAT;BAT;BAT.JO
JSE:BIK;"""Brikor Limited (JSE:BIK)""";https://www.listcorp.com/jse/bik/brikor-limited;"""	142501000""";0,17;0;0;Industrials;"(JSE:BIK)""";(JSE:BIK;JSE:BIK;BIK;BIK.JO
JSE:BRN;"""Brimstone Investment Corporation - N Shares (JSE:BRN)""";https://www.listcorp.com/jse/brn/brimstone-investment-corporation-n;"""	989894000""";4,4;0;0;Financials;"(JSE:BRN)""";(JSE:BRN;JSE:BRN;BRN;BRN.JO
JSE:BRT;"""Brimstone Investment Corporation (JSE:BRT)""";https://www.listcorp.com/jse/brt/brimstone-investment-corporation;"""	163484000""";4,1;0;0;Financials;"(JSE:BRT)""";(JSE:BRT;JSE:BRT;BRT;BRT.JO
JSE:BTI;"""British American Tobacco (JSE:BTI)""";https://www.listcorp.com/jse/bti/british-american-tobacco;"""	2088630000000""";892,85;1,34;0,15;"""Consumer Goods""";"(JSE:BTI)""";(JSE:BTI;JSE:BTI;BTI;BTI.JO
JSE:BYI;"""Bytes Technology Group (JSE:BYI)""";https://www.listcorp.com/jse/byi/bytes-technology-group;"""	30065900000""";124,27;-0,39;-0,31;Technology;"(JSE:BYI)""";(JSE:BYI;JSE:BYI;BYI;BYI.JO
JSE:CAA;"""CA Sales Holdings Limited (JSE:CAA)""";https://www.listcorp.com/jse/caa/ca-sales-holdings-limited;"""	8445390000""";17,6;0,05;0,28;Industrials;"(JSE:CAA)""";(JSE:CAA;JSE:CAA;CAA;CAA.JO
JSE:CAC;"""CAFCA Limited (JSE:CAC)""";https://www.listcorp.com/jse/cac/cafca-limited;"""	126210000""";3,78;0;0;Industrials;"(JSE:CAC)""";(JSE:CAC;JSE:CAC;CAC;CAC.JO
JSE:CGR;"""Calgro M3 Holdings Limited (JSE:CGR)""";https://www.listcorp.com/jse/cgr/calgro-m3;"""	585634000""";5,1;-0,02;-0,39;Industrials;"(JSE:CGR)""";(JSE:CGR;JSE:CGR;CGR;CGR.JO
JSE:CCO;"""Capital & Counties Properties plc (JSE:CCO)""";https://www.listcorp.com/jse/cco/capital-and-counties-properties-plc;"""	23617600000""";28,85;1,1;3,96;Financials;"(JSE:CCO)""";(JSE:CCO;JSE:CCO;CCO;CCO.JO
JSE:CTA;"""Capital Appreciation Limited (JSE:CTA)""";https://www.listcorp.com/jse/cta/capital-appreciation-limited;"""	2187700000""";1,66;-0,01;-0,6;Technology;"(JSE:CTA)""";(JSE:CTA;JSE:CTA;CTA;CTA.JO
JSE:CPI;"""Capitec Bank Holdings Limited (JSE:CPI)""";https://www.listcorp.com/jse/cpi/capitec-bank-holdings-limited;"""	400661000000""";3480,03;28,99;0,84;Financials;"(JSE:CPI)""";(JSE:CPI;JSE:CPI;CPI;CPI.JO
JSE:CSB;"""Cashbuild Limited (JSE:CSB)""";https://www.listcorp.com/jse/csb/cashbuild-limited;"""	3428150000""";144,95;0,27;0,19;"""Consumer Services""";"(JSE:CSB)""";(JSE:CSB;JSE:CSB;CSB;CSB.JO
JSE:CVW;"""Castleview Property Fund Limited (JSE:CVW)""";https://www.listcorp.com/jse/cvw/castleview-property-fund-limited;"""	8072170000""";8,2;0;0;Financials;"(JSE:CVW)""";(JSE:CVW;JSE:CVW;CVW;CVW.JO
JSE:CAT;"""Caxton & CTP Publishers & Printers Limited (JSE:CAT)""";https://www.listcorp.com/jse/cat/caxton-and-ctp-publishers-and-printers-limited;"""	4239040000""";11,93;0;0;"""Consumer Services""";"(JSE:CAT)""";(JSE:CAT;JSE:CAT;CAT;CAT.JO
JSE:CHP;"""Choppies Enterprises Limited (JSE:CHP)""";https://www.listcorp.com/jse/chp/choppies-enterprises-limited;"""	2098130000""";1,2;0,05;4,35;"""Consumer Services""";"(JSE:CHP)""";(JSE:CHP;JSE:CHP;CHP;CHP.JO
JSE:CMO;"""Chrometco Limited (JSE:CMO)""";https://www.listcorp.com/jse/cmo/chrometco-limited;"""	0""";0,06;0;0;"""Basic Materials""";"(JSE:CMO)""";(JSE:CMO;JSE:CMO;CMO;CMO.JO
JSE:CLH;"""City Lodge Hotels Limited (JSE:CLH)""";https://www.listcorp.com/jse/clh/city-lodge-hotels-limited;"""	2303020000""";3,95;0,05;1,28;"""Consumer Services""";"(JSE:CLH)""";(JSE:CLH;JSE:CLH;CLH;CLH.JO
JSE:CLS;"""Clicks Group Limited (JSE:CLS)""";https://www.listcorp.com/jse/cls/clicks-group-limited;"""	84888100000""";359,09;0,82;0,23;"""Consumer Services""";"(JSE:CLS)""";(JSE:CLS;JSE:CLS;CLS;CLS.JO
JSE:CLI;"""Clientele Limited (JSE:CLI)""";https://www.listcorp.com/jse/cli/clientele-limited;"""	5221570000""";12;0,48;4,17;Financials;"(JSE:CLI)""";(JSE:CLI;JSE:CLI;CLI;CLI.JO
JSE:CMH;"""Combined Motor Holdings Limited (JSE:CMH)""";https://www.listcorp.com/jse/cmh/combined-motor-holdings-limited;"""	2386180000""";31,5;-0,4;-1,25;"""Consumer Services""";"(JSE:CMH)""";(JSE:CMH;JSE:CMH;CMH;CMH.JO
JSE:CFR;"""Compagnie Fin Richemont (JSE:CFR)""";https://www.listcorp.com/jse/cfr/compagnie-fin-richemont;"""	1752890000000""";3265,06;4,24;0,13;"""Consumer Goods""";"(JSE:CFR)""";(JSE:CFR;JSE:CFR;CFR;CFR.JO
JSE:CND;"""Conduit Capital Limited (JSE:CND)""";https://www.listcorp.com/jse/cnd/conduit-capital-limited;"""	30577800""";0,04;0;0;Financials;"(JSE:CND)""";(JSE:CND;JSE:CND;CND;CND.JO
JSE:CML;"""Coronation Fund Managers (JSE:CML)""";https://www.listcorp.com/jse/cml/coronation-fund-managers;"""	14394600000""";38,2;1,02;2,74;Financials;"(JSE:CML)""";(JSE:CML;JSE:CML;CML;CML.JO
JSE:CKS;"""Crookes Brothers Limited (JSE:CKS)""";https://www.listcorp.com/jse/cks/crookes-brothers-limited;"""	419769000""";30;2,5;9,09;"""Consumer Goods""";"(JSE:CKS)""";(JSE:CKS;JSE:CKS;CKS;CKS.JO
JSE:COH;"""Curro Holdings Limited (JSE:COH)""";https://www.listcorp.com/jse/coh/curro-holdings-limited;"""	4976910000""";8,82;0,05;0,57;"""Consumer Services""";"(JSE:COH)""";(JSE:COH;JSE:COH;COH;COH.JO
JSE:DTC;"""Datatec Limited (JSE:DTC)""";https://www.listcorp.com/jse/dtc/datatec-limited;"""	15231600000""";64,64;0,15;0,23;Technology;"(JSE:DTC)""";(JSE:DTC;JSE:DTC;DTC;DTC.JO
JSE:DLT;"""Delta Property Fund Limited (JSE:DLT)""";https://www.listcorp.com/jse/dlt/delta-property-fund-limited;"""	135705000""";0,19;0;0;Financials;"(JSE:DLT)""";(JSE:DLT;JSE:DLT;DLT;DLT.JO
JSE:DNB;"""Deneb Investments Limited (JSE:DNB)""";https://www.listcorp.com/jse/dnb/deneb-investments-limited;"""	839567000""";1,9;0;0;Financials;"(JSE:DNB)""";(JSE:DNB;JSE:DNB;DNB;DNB.JO
JSE:DKR;"""Deutsche Konsum REIT-AG (JSE:DKR)""";https://www.listcorp.com/jse/dkr/deutsche-konsum-reit;"""	7854770000""";156;0;0;Financials;"(JSE:DKR)""";(JSE:DKR;JSE:DKR;DKR;DKR.JO
JSE:DIB;"""Dipula Income Fund Limited B (JSE:DIB)""";https://www.listcorp.com/jse/dib/dipula-income-fund-limited-b;"""	4980170000""";5,47;0;0;Financials;"(JSE:DIB)""";(JSE:DIB;JSE:DIB;DIB;DIB.JO
JSE:DCP;"""Dis-Chem Pharmacies Limited (JSE:DCP)""";https://www.listcorp.com/jse/dcp/dis-chem-pharmacies-limited;"""	26946400000""";31,47;0,14;0,45;"""Consumer Services""";"(JSE:DCP)""";(JSE:DCP;JSE:DCP;DCP;DCP.JO
JSE:DSY;"""Discovery Limited (JSE:DSY)""";https://www.listcorp.com/jse/dsy/discovery-limited;"""	145900000000""";215,45;0,79;0,37;Financials;"(JSE:DSY)""";(JSE:DSY;JSE:DSY;DSY;DSY.JO
JSE:DRD;"""DRDGOLD Limited (JSE:DRD)""";https://www.listcorp.com/jse/drd/drdgold-limited;"""	22392800000""";25,38;-0,52;-2,01;"""Basic Materials""";"(JSE:DRD)""";(JSE:DRD;JSE:DRD;DRD;DRD.JO
JSE:EMN;"""E Media Holdings Limited - N Shares (JSE:EMN)""";https://www.listcorp.com/jse/emn/e-media-holdings-limited-n;"""	1050300000""";2,75;0;0;"""Consumer Services""";"(JSE:EMN)""";(JSE:EMN;JSE:EMN;EMN;EMN.JO
JSE:EMH;"""E Media Holdings Limited (JSE:EMH)""";https://www.listcorp.com/jse/emh/e-media-holdings-limited;"""	183774000""";2,88;0;0;"""Consumer Services""";"(JSE:EMH)""";(JSE:EMH;JSE:EMH;EMH;EMH.JO
JSE:EPS;"""Eastern Platinum Limited (JSE:EPS)""";https://www.listcorp.com/jse/eps/eastern-platinum;"""	242990000""";1,2;0;0;"""Basic Materials""";"(JSE:EPS)""";(JSE:EPS;JSE:EPS;EPS;EPS.JO
JSE:EEL;"""Efora Energy Limited (JSE:EEL)""";https://www.listcorp.com/jse/eel/efora-energy-limited;"""	33115000""";0,03;0;0;"""Oil & Gas""";"(JSE:EEL)""";(JSE:EEL;JSE:EEL;EEL;EEL.JO
JSE:ELI;"""Ellies Holdings Limited (JSE:ELI)""";https://www.listcorp.com/jse/eli/ellies-holdings-limited;"""	8054000""";0,01;0;0;Industrials;"(JSE:ELI)""";(JSE:ELI;JSE:ELI;ELI;ELI.JO
JSE:EMI;"""Emira Property Fund Limited (JSE:EMI)""";https://www.listcorp.com/jse/emi/emira-property-fund-limited;"""	5312030000""";10,38;0,05;0,48;Financials;"(JSE:EMI)""";(JSE:EMI;JSE:EMI;EMI;EMI.JO
JSE:ENX;"""enX Group Limited (JSE:ENX)""";https://www.listcorp.com/jse/enx/enx-group-limited;"""	891509000""";4,89;0;0;Industrials;"(JSE:ENX)""";(JSE:ENX;JSE:ENX;ENX;ENX.JO
JSE:EOH;"""EOH Holdings (JSE:EOH)""";https://www.listcorp.com/jse/eoh/eoh-holdings;"""	0""";2,37;0;0;Technology;"(JSE:EOH)""";(JSE:EOH;JSE:EOH;EOH;EOH.JO
JSE:EPE;"""EPE Capital Partners Limited (JSE:EPE)""";https://www.listcorp.com/jse/epe/epe-capital-partners-limited;"""	1679510000""";6,55;0;0;Financials;"(JSE:EPE)""";(JSE:EPE;JSE:EPE;EPE;EPE.JO
JSE:EQU;"""Equites Property Fund Limited (JSE:EQU)""";https://www.listcorp.com/jse/equ/equites-property-fund-limited;"""	12530300000""";15,06;-0,11;-0,73;Financials;"(JSE:EQU)""";(JSE:EQU;JSE:EQU;EQU;EQU.JO
JSE:EUZ;"""Europa Metals Limited (JSE:EUZ)""";https://www.listcorp.com/jse/euz/europa-metals-limited;"""	13282300""";0,13;0;0;"""Basic Materials""";"(JSE:EUZ)""";(JSE:EUZ;JSE:EUZ;EUZ;EUZ.JO
JSE:EXP;"""Exemplar Reitail Limited (JSE:EXP)""";https://www.listcorp.com/jse/exp/exemplar-reitail-limited;"""	4386240000""";13,2;0;0;Financials;"(JSE:EXP)""";(JSE:EXP;JSE:EXP;EXP;EXP.JO
JSE:EXX;"""Exxaro Resources Limited (JSE:EXX)""";https://www.listcorp.com/jse/exx/exxaro-resources-limited;"""	51511500000""";149,14;0,99;0,67;"""Basic Materials""";"(JSE:EXX)""";(JSE:EXX;JSE:EXX;EXX;EXX.JO
JSE:FBR;"""Famous Brands Limited (JSE:FBR)""";https://www.listcorp.com/jse/fbr/famous-brands-limited;"""	6146410000""";61,4;0,06;0,1;"""Consumer Services""";"(JSE:FBR)""";(JSE:FBR;JSE:FBR;FBR;FBR.JO
JSE:FGL;"""Finbond Group Limited (JSE:FGL)""";https://www.listcorp.com/jse/fgl/finbond-group-limited;"""	438362000""";0,85;0;0;Financials;"(JSE:FGL)""";(JSE:FGL;JSE:FGL;FGL;FGL.JO
JSE:FSR;"""Firstrand Limited (JSE:FSR)""";https://www.listcorp.com/jse/fsr/firstrand-limited;"""	407249000000""";72,88;0,28;0,39;Financials;"(JSE:FSR)""";(JSE:FSR;JSE:FSR;FSR;FSR.JO
JSE:FFB;"""Fortress REIT Limited - B (JSE:FFB)""";https://www.listcorp.com/jse/ffb/fortress-reit-limited-b;"""	24170100000""";20,3;0,23;1,15;Financials;"(JSE:FFB)""";(JSE:FFB;JSE:FFB;FFB;FFB.JO
JSE:GAI;"""Gaia Infrastructure Capital Limited (JSE:GAI)""";https://www.listcorp.com/jse/gai/gaia-infrastructure-capital-limited;"""	0""";0;0;0;Financials;"(JSE:GAI)""";(JSE:GAI;JSE:GAI;GAI;GAI.JO
JSE:GML;"""Gemfields Group Limited (JSE:GML)""";https://www.listcorp.com/jse/gml/gemfields-group-limited;"""	1965620000""";1,23;0,09;7,89;"""Basic Materials""";"(JSE:GML)""";(JSE:GML;JSE:GML;GML;GML.JO
JSE:GLN;"""Glencore plc (JSE:GLN)""";https://www.listcorp.com/jse/gln/glencore-plc;"""	914244000000""";70,3;1,17;1,69;"""Basic Materials""";"(JSE:GLN)""";(JSE:GLN;JSE:GLN;GLN;GLN.JO
JSE:GTC;"""Globe Trade Centre S.A. (JSE:GTC)""";https://www.listcorp.com/jse/gtc/globe-trade-centre-sa;"""	17227700000""";30;0;0;Financials;"(JSE:GTC)""";(JSE:GTC;JSE:GTC;GTC;GTC.JO
JSE:GLI;"""Go Life International Ltd (JSE:GLI)""";https://www.listcorp.com/jse/gli/go-life-international-ltd;"""	12425000""";0,01;0;0;"""Health Care""";"(JSE:GLI)""";(JSE:GLI;JSE:GLI;GLI;GLI.JO
JSE:GFI;"""Gold Fields Limited (JSE:GFI)""";https://www.listcorp.com/jse/gfi/gold-fields-limited;"""	400076000000""";434,52;-12,47;-2,79;"""Basic Materials""";"(JSE:GFI)""";(JSE:GFI;JSE:GFI;GFI;GFI.JO
JSE:GPL;"""Grand Parade Investments Limited (JSE:GPL)""";https://www.listcorp.com/jse/gpl/grand-parade-investments-limited;"""	1167070000""";2,5;0;0;Financials;"(JSE:GPL)""";(JSE:GPL;JSE:GPL;GPL;GPL.JO
JSE:GND;"""Grindrod Limited (JSE:GND)""";https://www.listcorp.com/jse/gnd/grindrod-limited;"""	8837080000""";12,95;0,29;2,29;Industrials;"(JSE:GND)""";(JSE:GND;JSE:GND;GND;GND.JO
JSE:GRT;"""Growthpoint Properties Limited (JSE:GRT)""";https://www.listcorp.com/jse/grt/growthpoint-properties-limited;"""	45629500000""";13,3;0;0;Financials;"(JSE:GRT)""";(JSE:GRT;JSE:GRT;GRT;GRT.JO
JSE:HMN;"""Hammerson plc (JSE:HMN)""";https://www.listcorp.com/jse/hmn/hammerson-plc;"""	34877100000""";72,35;1,01;1,42;Financials;"(JSE:HMN)""";(JSE:HMN;JSE:HMN;HMN;HMN.JO
JSE:HAR;"""Harmony Gold Mining Company (JSE:HAR)""";https://www.listcorp.com/jse/har/harmony-gold-mining-company;"""	166747000000""";256,79;-5,91;-2,25;"""Basic Materials""";"(JSE:HAR)""";(JSE:HAR;JSE:HAR;HAR;HAR.JO
JSE:HET;"""Heriot REIT Limited (JSE:HET)""";https://www.listcorp.com/jse/het/heriot-reit-limited;"""	5122590000""";16;0;0;Financials;"(JSE:HET)""";(JSE:HET;JSE:HET;HET;HET.JO
JSE:HIL;"""Homechoice International plc (JSE:HIL)""";https://www.listcorp.com/jse/hil/homechoice-international-plc;"""	3420710000""";32,05;0;0;"""Consumer Services""";"(JSE:HIL)""";(JSE:HIL;JSE:HIL;HIL;HIL.JO
JSE:HCI;"""Hosken Consolidated Investments Limited (JSE:HCI)""";https://www.listcorp.com/jse/hci/hosken-consolidated-investments-limited;"""	11269900000""";132,09;1,18;0,9;Financials;"(JSE:HCI)""";(JSE:HCI;JSE:HCI;HCI;HCI.JO
JSE:HPR;"""Hosken Passenger Logistics and Rail Limited (JSE:HPR)""";https://www.listcorp.com/jse/hpr/hosken-passenger-logistics-and-rail-limited;"""	922200000""";3,18;0;0;"""Consumer Services""";"(JSE:HPR)""";(JSE:HPR;JSE:HPR;HPR;HPR.JO
JSE:HDC;"""Hudaco Industries Limited (JSE:HDC)""";https://www.listcorp.com/jse/hdc/hudaco-industries-limited;"""	5947790000""";197,89;5,37;2,79;Industrials;"(JSE:HDC)""";(JSE:HDC;JSE:HDC;HDC;HDC.JO
JSE:HUG;"""Huge Group Limited (JSE:HUG)""";https://www.listcorp.com/jse/hug/huge-group-limited;"""	327867000""";1,9;0;0;Telecommunications;"(JSE:HUG)""";(JSE:HUG;JSE:HUG;HUG;HUG.JO
JSE:HLM;"""Hulamin Limited (JSE:HLM)""";https://www.listcorp.com/jse/hlm/hulamin-limited;"""	632421000""";2,14;0,19;9,74;"""Basic Materials""";"(JSE:HLM)""";(JSE:HLM;JSE:HLM;HLM;HLM.JO
JSE:HYP;"""Hyprop Investments Limited (JSE:HYP)""";https://www.listcorp.com/jse/hyp/hyprop-investments-limited;"""	16727700000""";42,25;0,37;0,88;Financials;"(JSE:HYP)""";(JSE:HYP;JSE:HYP;HYP;HYP.JO
JSE:IMP;"""Impala Platinum Holdings Limited (JSE:IMP)""";https://www.listcorp.com/jse/imp/implats;"""	134416000000""";146,26;-2,36;-1,59;"""Basic Materials""";"(JSE:IMP)""";(JSE:IMP;JSE:IMP;IMP;IMP.JO
JSE:ISB;"""Insimbi Industrial Holdings Ltd (JSE:ISB)""";https://www.listcorp.com/jse/isb/insimbi-industrial-holdings-ltd;"""	205157000""";0,62;0;0;"""Basic Materials""";"(JSE:ISB)""";(JSE:ISB;JSE:ISB;ISB;ISB.JO
JSE:INL;"""Investec Limited (JSE:INL)""";https://www.listcorp.com/jse/inl/investec-limited;"""	35415100000""";121,34;1,34;1,12;Financials;"(JSE:INL)""";(JSE:INL;JSE:INL;INL;INL.JO
JSE:INP;"""Investec plc (JSE:INP)""";https://www.listcorp.com/jse/inp/investec-plc;"""	84052000000""";122,06;1,3;1,08;Financials;"(JSE:INP)""";(JSE:INP;JSE:INP;INP;INP.JO
JSE:IPF;"""Investec Property Fund Limited (JSE:IPF)""";https://www.listcorp.com/jse/ipf/investec-property-fund-limited;"""	7928450000""";9,83;-0,02;-0,2;Financials;"(JSE:IPF)""";(JSE:IPF;JSE:IPF;IPF;IPF.JO
JSE:IVT;"""Invicta Holdings Limited (JSE:IVT)""";https://www.listcorp.com/jse/ivt/invicta-holdings;"""	3079350000""";33,5;0;0;Industrials;"(JSE:IVT)""";(JSE:IVT;JSE:IVT;IVT;IVT.JO
JSE:ISA;"""ISA Holdings Limited (JSE:ISA)""";https://www.listcorp.com/jse/isa/isa-holdings-limited;"""	332656000""";2;0,05;2,56;Technology;"(JSE:ISA)""";(JSE:ISA;JSE:ISA;ISA;ISA.JO
JSE:ITE;"""Italtile Limited (JSE:ITE)""";https://www.listcorp.com/jse/ite/italtile-limited;"""	12820000000""";9,94;0,24;2,47;"""Consumer Services""";"(JSE:ITE)""";(JSE:ITE;JSE:ITE;ITE;ITE.JO
JSE:JSE;"""JSE Limited (JSE:JSE)""";https://www.listcorp.com/jse/jse/jse-limited;"""	10873000000""";126,42;0,52;0,41;Financials;"(JSE:JSE)""";(JSE:JSE;JSE:JSE;JSE;JSE.JO
JSE:JBL;"""Jubilee Metals Group Plc (JSE:JBL)""";https://www.listcorp.com/jse/jbl/jubilee-metals-group-plc;"""	2737280000""";0,88;0,01;1,15;"""Basic Materials""";"(JSE:JBL)""";(JSE:JBL;JSE:JBL;JBL;JBL.JO
JSE:KAL;"""Kaap Agri Limited (JSE:KAL)""";https://www.listcorp.com/jse/kal/kaap-agri-limited;"""	2902190000""";38,6;-0,45;-1,15;"""Consumer Services""";"(JSE:KAL)""";(JSE:KAL;JSE:KAL;KAL;KAL.JO
JSE:KAP;"""KAP Limited (JSE:KAP)""";https://www.listcorp.com/jse/kap/kap-limited;"""	4427100000""";1,78;0,01;0,56;Industrials;"(JSE:KAP)""";(JSE:KAP;JSE:KAP;KAP;KAP.JO
JSE:KRO;"""Karooooo Ltd (JSE:KRO)""";https://www.listcorp.com/jse/kro/karooooo-ltd;"""	26877500000""";875,05;5,05;0,58;Technology;"(JSE:KRO)""";(JSE:KRO;JSE:KRO;KRO;KRO.JO
JSE:KBO;"""Kibo Energy PLC (JSE:KBO)""";https://www.listcorp.com/jse/kbo/kibo-energy-plc;"""	147152000""";0,01;0;0;"""Basic Materials""";"(JSE:KBO)""";(JSE:KBO;JSE:KBO;KBO;KBO.JO
JSE:KP2;"""Kore Potash Plc (JSE:KP2)""";https://www.listcorp.com/jse/kp2/kore-potash-plc;"""	2865190000""";0,59;0;0;"""Basic Materials""";"(JSE:KP2)""";(JSE:KP2;JSE:KP2;KP2;KP2.JO
JSE:KIO;"""Kumba Iron Ore (JSE:KIO)""";https://www.listcorp.com/jse/kio/kumba-iron-ore;"""	88303100000""";276,01;1,84;0,67;"""Basic Materials""";"(JSE:KIO)""";(JSE:KIO;JSE:KIO;KIO;KIO.JO
JSE:LAB;"""Labat Africa Limited (JSE:LAB)""";https://www.listcorp.com/jse/lab/labat-africa-limited;"""	79266300""";0,07;0;0;Industrials;"(JSE:LAB)""";(JSE:LAB;JSE:LAB;LAB;LAB.JO
JSE:LEW;"""Lewis Group Limited (JSE:LEW)""";https://www.listcorp.com/jse/lew/lewis-group-limited;"""	4318270000""";83,21;0,42;0,51;"""Consumer Services""";"(JSE:LEW)""";(JSE:LEW;JSE:LEW;LEW;LEW.JO
JSE:LBR;"""Libstar Holdings Limited (JSE:LBR)""";https://www.listcorp.com/jse/lbr/libstar-holdings-limited;"""	2448100000""";3,38;-0,21;-5,85;"""Consumer Goods""";"(JSE:LBR)""";(JSE:LBR;JSE:LBR;LBR;LBR.JO
JSE:LHC;"""Life Healthcare Group (JSE:LHC)""";https://www.listcorp.com/jse/lhc/life-healthcare-group;"""	20322800000""";13,92;0,07;0,51;"""Health Care""";"(JSE:LHC)""";(JSE:LHC;JSE:LHC;LHC;LHC.JO
JSE:LTE;"""Lighthouse Capital Limited (JSE:LTE)""";https://www.listcorp.com/jse/lte/lighthouse-capital-limited;"""	17129900000""";8,21;0,01;0,12;Financials;"(JSE:LTE)""";(JSE:LTE;JSE:LTE;LTE;LTE.JO
JSE:MMP;"""Marshall Monteagle PLC (JSE:MMP)""";https://www.listcorp.com/jse/mmp/marshall-monteagle-plc;"""	1044170000""";29,12;0;0;Industrials;"(JSE:MMP)""";(JSE:MMP;JSE:MMP;MMP;MMP.JO
JSE:MSP;"""MAS Real Estate Inc (JSE:MSP)""";https://www.listcorp.com/jse/msp/mas-real-estate-inc;"""	16636100000""";23,12;-0,11;-0,47;Financials;"(JSE:MSP)""";(JSE:MSP;JSE:MSP;MSP;MSP.JO
JSE:MDI;"""Master Drilling Group Limited (JSE:MDI)""";https://www.listcorp.com/jse/mdi/master-drilling-group;"""	2435690000""";16,18;0;0;Industrials;"(JSE:MDI)""";(JSE:MDI;JSE:MDI;MDI;MDI.JO
JSE:MCZ;"""MC Mining Limited (JSE:MCZ)""";https://www.listcorp.com/jse/mcz/mc-mining-limited;"""	567198000""";1,36;-0,01;-0,73;"""Basic Materials""";"(JSE:MCZ)""";(JSE:MCZ;JSE:MCZ;MCZ;MCZ.JO
JSE:MRF;"""Merafe Resources Limited (JSE:MRF)""";https://www.listcorp.com/jse/mrf/merafe-resources-limited;"""	3123910000""";1,26;0,01;0,8;"""Basic Materials""";"(JSE:MRF)""";(JSE:MRF;JSE:MRF;MRF;MRF.JO
JSE:MTA;"""Metair Investments Limited (JSE:MTA)""";https://www.listcorp.com/jse/mta/metair-investments-limited;"""	1478470000""";7,98;0,55;7,4;"""Consumer Goods""";"(JSE:MTA)""";(JSE:MTA;JSE:MTA;MTA;MTA.JO
JSE:MFL;"""Metrofile Holdings Limited (JSE:MFL)""";https://www.listcorp.com/jse/mfl/metrofile-holdings-limited;"""	1131960000""";2,61;0;0;Industrials;"(JSE:MFL)""";(JSE:MFL;JSE:MFL;MFL;MFL.JO
JSE:MED;"""Middle East Diamond Resources Limited (JSE:MED)""";https://www.listcorp.com/jse/med/middle-east-diamond-resources-limited;"""	4786390000""";0;0;0;"""Basic Materials""";"(JSE:MED)""";(JSE:MED;JSE:MED;MED;MED.JO
JSE:MRI;"""Mine Restoration Investments Limited (JSE:MRI)""";https://www.listcorp.com/jse/mri/mine-restoration-investments-limited;"""	25885700""";0,03;0;0;Industrials;"(JSE:MRI)""";(JSE:MRI;JSE:MRI;MRI;MRI.JO
JSE:MTM;"""Momentum Metropolitan Holdings (JSE:MTM)""";https://www.listcorp.com/jse/mtm/momentum-metropolitan-holdings;"""	46191500000""";34,18;0,33;0,97;Financials;"(JSE:MTM)""";(JSE:MTM;JSE:MTM;MTM;MTM.JO
JSE:MNP;"""Mondi plc (JSE:MNP)""";https://www.listcorp.com/jse/mnp/mondi-plc;"""	129219000000""";293,6;0,85;0,29;"""Basic Materials""";"(JSE:MNP)""";(JSE:MNP;JSE:MNP;MNP;MNP.JO
JSE:MTH;"""Motus Holdings Limited (JSE:MTH)""";https://www.listcorp.com/jse/mth/motus-holdings-limited;"""	16639600000""";93,635;0,48;0,52;"""Consumer Services""";"(JSE:MTH)""";(JSE:MTH;JSE:MTH;MTH;MTH.JO
JSE:MPT;"""Mpact Limited (JSE:MPT)""";https://www.listcorp.com/jse/mpt/mpact-limited;"""	3811070000""";25;-0,5;-1,96;Industrials;"(JSE:MPT)""";(JSE:MPT;JSE:MPT;MPT;MPT.JO
JSE:MRP;"""Mr Price Group (JSE:MRP)""";https://www.listcorp.com/jse/mrp/mr-price-group;"""	55855400000""";215,12;0,13;0,06;"""Consumer Services""";"(JSE:MRP)""";(JSE:MRP;JSE:MRP;MRP;MRP.JO
JSE:MTN;"""MTN Group Limited (JSE:MTN)""";https://www.listcorp.com/jse/mtn/mtn-group-limited;"""	239528000000""";126,41;-0,71;-0,56;Telecommunications;"(JSE:MTN)""";(JSE:MTN;JSE:MTN;MTN;MTN.JO
JSE:MTNZF;"""MTN Zakhele Futhi (JSE:MTNZF)""";https://www.listcorp.com/jse/mtnzf/mtn-zakhele-futhi;"""	2094380000""";16,17;-0,8;-4,71;Financials;"SE:MTNZF)""";SE:MTNZF;E:MTNZF;NZF;MTNZF.JO
JSE:MCG;"""MultiChoice Group (JSE:MCG)""";https://www.listcorp.com/jse/mcg/multichoice-group;"""	50889000000""";115,49;0,49;0,43;"""Consumer Services""";"(JSE:MCG)""";(JSE:MCG;JSE:MCG;MCG;MCG.JO
JSE:MUR;"""Murray & Roberts Holdings Limited (JSE:MUR)""";https://www.listcorp.com/jse/mur/murray-and-roberts-holdings-limited;"""	489210000""";1,1;0;0;Industrials;"(JSE:MUR)""";(JSE:MUR;JSE:MUR;MUR;MUR.JO
JSE:MST;"""Mustek Limited (JSE:MST)""";https://www.listcorp.com/jse/mst/mustek-limited;"""	805560000""";14,2;0,2;1,43;Technology;"(JSE:MST)""";(JSE:MST;JSE:MST;MST;MST.JO
JSE:NPK;"""Nampak Limited (JSE:NPK)""";https://www.listcorp.com/jse/npk/nampak-limited;"""	4432200000""";547,49;24,58;4,7;Industrials;"(JSE:NPK)""";(JSE:NPK;JSE:NPK;NPK;NPK.JO
JSE:NPN;"""Naspers Limited - N (JSE:NPN)""";https://www.listcorp.com/jse/npn/naspers-limited-n;"""	859662000000""";5268,96;40,78;0,78;Technology;"(JSE:NPN)""";(JSE:NPN;JSE:NPN;NPN;NPN.JO
JSE:NED;"""Nedbank Group Limited (JSE:NED)""";https://www.listcorp.com/jse/ned/nedbank-group-limited;"""	120897000000""";248,37;0,07;0,03;Financials;"(JSE:NED)""";(JSE:NED;JSE:NED;NED;NED.JO
JSE:NRP;"""Nepi Rockcastle plc (JSE:NRP)""";https://www.listcorp.com/jse/nrp/nepi-rockcastle-plc;"""	96438900000""";134,675;-0,7;-0,52;Financials;"(JSE:NRP)""";(JSE:NRP;JSE:NRP;NRP;NRP.JO
JSE:NT1;"""Net 1 UEPS Technologies Inc (JSE:NT1)""";https://www.listcorp.com/jse/nt1/net1;"""	4228030000""";75;0;0;Industrials;"(JSE:NT1)""";(JSE:NT1;JSE:NT1;NT1;NT1.JO
JSE:NTC;"""Netcare Limited (JSE:NTC)""";https://www.listcorp.com/jse/ntc/netcare-limited;"""	18996000000""";13,35;0,15;1,14;"""Health Care""";"(JSE:NTC)""";(JSE:NTC;JSE:NTC;NTC;NTC.JO
JSE:NRL;"""Newpark REIT Limited (JSE:NRL)""";https://www.listcorp.com/jse/nrl/newpark-reit-limited;"""	480000000""";4,8;0;0;Financials;"(JSE:NRL)""";(JSE:NRL;JSE:NRL;NRL;NRL.JO
JSE:NCS;"""Nictus Limited (JSE:NCS)""";https://www.listcorp.com/jse/ncs/nictus-limited;"""	117576000""";2,2;0;0;"""Consumer Services""";"(JSE:NCS)""";(JSE:NCS;JSE:NCS;NCS;NCS.JO
JSE:NY1;"""Ninety One Limited (JSE:NY1)""";https://www.listcorp.com/jse/ny1/ninety-one-limited;"""	11467500000""";43,01;0,28;0,66;Financials;"(JSE:NY1)""";(JSE:NY1;JSE:NY1;NY1;NY1.JO
JSE:N91;"""Ninety One plc (JSE:N91)""";https://www.listcorp.com/jse/n91/ninety-one-plc;"""	27609100000""";44,03;0,64;1,47;Financials;"(JSE:N91)""";(JSE:N91;JSE:N91;N91;N91.JO
JSE:NPH;"""Northam Platinum Holdings Limited (JSE:NPH)""";https://www.listcorp.com/jse/nph/northam-platinum-holdings-limited;"""	68493600000""";168,04;-3,15;-1,84;"""Basic Materials""";"(JSE:NPH)""";(JSE:NPH;JSE:NPH;NPH;NPH.JO
JSE:NHM;"""Northam Platinum Limited (JSE:NHM)""";https://www.listcorp.com/jse/nhm/northam-platinum-limited;"""	101604000000""";189,66;-9,65;-4,84;"""Basic Materials""";"(JSE:NHM)""";(JSE:NHM;JSE:NHM;NHM;NHM.JO
JSE:NVS;"""Novus Holdings Limited (JSE:NVS)""";https://www.listcorp.com/jse/nvs/novus-holdings-limited;"""	2573870000""";7,5;0;0;Industrials;"(JSE:NVS)""";(JSE:NVS;JSE:NVS;NVS;NVS.JO
JSE:NWL;"""Nu-World Holdings Limited (JSE:NWL)""";https://www.listcorp.com/jse/nwl/nu-world-holdings-limited;"""	610226000""";28;0;0;"""Consumer Goods""";"(JSE:NWL)""";(JSE:NWL;JSE:NWL;NWL;NWL.JO
JSE:OAO;"""Oando PLC (JSE:OAO)""";https://www.listcorp.com/jse/oao/oando-plc;"""	1740400000""";0,14;0;0;"""Oil & Gas""";"(JSE:OAO)""";(JSE:OAO;JSE:OAO;OAO;OAO.JO
JSE:OAS;"""Oasis Crescent Property Fund (JSE:OAS)""";https://www.listcorp.com/jse/oas/oasis-crescent-property-fund;"""	1338960000""";20,5;0;0;Financials;"(JSE:OAS)""";(JSE:OAS;JSE:OAS;OAS;OAS.JO
JSE:OCE;"""Oceana Group Limited (JSE:OCE)""";https://www.listcorp.com/jse/oce/oceana-group-limited;"""	7133990000""";55;0,03;0,05;"""Consumer Goods""";"(JSE:OCE)""";(JSE:OCE;JSE:OCE;OCE;OCE.JO
JSE:OCT;"""Octodec Investments Limited (JSE:OCT)""";https://www.listcorp.com/jse/oct/octodec-investments-limited;"""	2627370000""";9,99;0,12;1,22;Financials;"(JSE:OCT)""";(JSE:OCT;JSE:OCT;OCT;OCT.JO
JSE:OMU;"""Old Mutual Limited (JSE:OMU)""";https://www.listcorp.com/jse/omu/old-mutual-limited;"""	55565100000""";11,86;0,07;0,59;Financials;"(JSE:OMU)""";(JSE:OMU;JSE:OMU;OMU;OMU.JO
JSE:OMN;"""Omnia Holdings Limited (JSE:OMN)""";https://www.listcorp.com/jse/omn/omnia-holdings-limited;"""	12767900000""";78,96;0,29;0,37;"""Basic Materials""";"(JSE:OMN)""";(JSE:OMN;JSE:OMN;OMN;OMN.JO
JSE:ORN;"""Orion Minerals Limited (JSE:ORN)""";https://www.listcorp.com/jse/orn/orion-minerals-limited;"""	1027570000""";0,15;0;0;"""Basic Materials""";"(JSE:ORN)""";(JSE:ORN;JSE:ORN;ORN;ORN.JO
JSE:OUT;"""OUTsurance Holdings Limited (JSE:OUT)""";https://www.listcorp.com/jse/out/outsurance-holdings-limited;"""	122042000000""";78,97;0,05;0,06;Financials;"(JSE:OUT)""";(JSE:OUT;JSE:OUT;OUT;OUT.JO
JSE:PAN;"""Pan African Resources plc (JSE:PAN)""";https://www.listcorp.com/jse/pan/pan-african-resources-plc;"""	27911300000""";11,91;-0,04;-0,33;"""Basic Materials""";"(JSE:PAN)""";(JSE:PAN;JSE:PAN;PAN;PAN.JO
JSE:PBG;"""PBT Group Limited (JSE:PBG)""";https://www.listcorp.com/jse/pbg/pbt-group-limited;"""	587624000""";5,64;0,04;0,71;Technology;"(JSE:PBG)""";(JSE:PBG;JSE:PBG;PBG;PBG.JO
JSE:PPH;"""Pepkor Holdings Limited (JSE:PPH)""";https://www.listcorp.com/jse/pph/pepkor-holdings-limited;"""	100863000000""";27,27;-0,04;-0,15;"""Consumer Services""";"(JSE:PPH)""";(JSE:PPH;JSE:PPH;PPH;PPH.JO
JSE:PIK;"""Pick n Pay Stores Limited (JSE:PIK)""";https://www.listcorp.com/jse/pik/pick-n-pay-stores-limited;"""	18790600000""";25,77;0,57;2,26;"""Consumer Services""";"(JSE:PIK)""";(JSE:PIK;JSE:PIK;PIK;PIK.JO
JSE:PPC;"""PPC Limited (JSE:PPC)""";https://www.listcorp.com/jse/ppc/ppc-limited;"""	8281570000""";5,46;0,13;2,44;Industrials;"(JSE:PPC)""";(JSE:PPC;JSE:PPC;PPC;PPC.JO
JSE:PMR;"""Premier Group Limited (JSE:PMR)""";https://www.listcorp.com/jse/pmr/premier-group-limited;"""	18046800000""";141,5;1,5;1,07;"""Consumer Goods""";"(JSE:PMR)""";(JSE:PMR;JSE:PMR;PMR;PMR.JO
JSE:PMV;"""Primeserv Group Limited (JSE:PMV)""";https://www.listcorp.com/jse/pmv/primeserv-group-limited;"""	288596000""";2,52;0;0;Industrials;"(JSE:PMV)""";(JSE:PMV;JSE:PMV;PMV;PMV.JO
JSE:PRX;"""Prosus N.V. (JSE:PRX)""";https://www.listcorp.com/jse/prx/prosus-nv;"""	2261900000000""";960,81;9,98;1,05;Technology;"(JSE:PRX)""";(JSE:PRX;JSE:PRX;PRX;PRX.JO
JSE:KST;"""PSG Konsult Limited (JSE:KST)""";https://www.listcorp.com/jse/kst/psg-konsult-limited;"""	25338900000""";20,37;0,27;1,34;Financials;"(JSE:KST)""";(JSE:KST;JSE:KST;KST;KST.JO
JSE:PSV;"""PSV Holdings Limited (JSE:PSV)""";https://www.listcorp.com/jse/psv/psv-holdings-limited;"""	32718600""";0,08;0;0;Industrials;"(JSE:PSV)""";(JSE:PSV;JSE:PSV;PSV;PSV.JO
JSE:PPE;"""Purple Group Limited (JSE:PPE)""";https://www.listcorp.com/jse/ppe/purple-group-limited;"""	2005780000""";1,42;0,01;0,71;Financials;"(JSE:PPE)""";(JSE:PPE;JSE:PPE;PPE;PPE.JO
JSE:PPR;"""Putprop Limited (JSE:PPR)""";https://www.listcorp.com/jse/ppr/putprop-limited;"""	145026000""";3,42;0;0;Financials;"(JSE:PPR)""";(JSE:PPR;JSE:PPR;PPR;PPR.JO
JSE:QFH;"""Quantum Foods Holdings (JSE:QFH)""";https://www.listcorp.com/jse/qfh/quantum-foods-holdings;"""	1977980000""";9,74;0;0;"""Consumer Goods""";"(JSE:QFH)""";(JSE:QFH;JSE:QFH;QFH;QFH.JO
JSE:QLT;"""Quilter plc (JSE:QLT)""";https://www.listcorp.com/jse/qlt/quilter-plc;"""	52962900000""";38,24;0,52;1,38;Financials;"(JSE:QLT)""";(JSE:QLT;JSE:QLT;QLT;QLT.JO
JSE:RBO;"""Rainbow Chicken Limited (JSE:RBO)""";https://www.listcorp.com/jse/rbo/rainbow-chicken-limited;"""	3607840000""";4,05;0,01;0,25;"""Consumer Goods""";"(JSE:RBO)""";(JSE:RBO;JSE:RBO;RBO;RBO.JO
JSE:RMI;"""Rand Merchant Investment Holdings (JSE:RMI)""";https://www.listcorp.com/jse/rmi/rand-merchant-investment-holdings;"""	47562600000""";31,38;0,33;1,06;Financials;"(JSE:RMI)""";(JSE:RMI;JSE:RMI;RMI;RMI.JO
JSE:RNG;"""Randgold And Exploration Company (JSE:RNG)""";https://www.listcorp.com/jse/rng/randgold-and-exploration-company;"""	56684600""";0,76;0;0;"""Basic Materials""";"(JSE:RNG)""";(JSE:RNG;JSE:RNG;RNG;RNG.JO
JSE:RBX;"""Raubex Group Limited (JSE:RBX)""";https://www.listcorp.com/jse/rbx/raubex-group-limited;"""	8440470000""";46,17;-0,27;-0,58;Industrials;"(JSE:RBX)""";(JSE:RBX;JSE:RBX;RBX;RBX.JO
JSE:RCL;"""RCL Foods Limited (JSE:RCL)""";https://www.listcorp.com/jse/rcl/rcl-foods-limited;"""	8611420000""";9,6;0;0;"""Consumer Goods""";"(JSE:RCL)""";(JSE:RCL;JSE:RCL;RCL;RCL.JO
JSE:REA;"""Rebosis Property Fund - A Shares (JSE:REA)""";https://www.listcorp.com/jse/rea/rebosis-property-fund-a;"""	60735400""";0,96;0;0;Financials;"(JSE:REA)""";(JSE:REA;JSE:REA;REA;REA.JO
JSE:REB;"""Rebosis Property Fund (JSE:REB)""";https://www.listcorp.com/jse/reb/rebosis-property-fund;"""	111881000""";0,16;0;0;Financials;"(JSE:REB)""";(JSE:REB;JSE:REB;REB;REB.JO
JSE:RDF;"""Redefine Properties Limited (JSE:RDF)""";https://www.listcorp.com/jse/rdf/redefine-properties-limited;"""	32771800000""";4,51;-0,04;-0,88;Financials;"(JSE:RDF)""";(JSE:RDF;JSE:RDF;RDF;RDF.JO
JSE:RNI;"""Reinet Investments S.C.A. (JSE:RNI)""";https://www.listcorp.com/jse/rni/reinet-investments;"""	92235400000""";472,01;1,27;0,27;Financials;"(JSE:RNI)""";(JSE:RNI;JSE:RNI;RNI;RNI.JO
JSE:REM;"""Remgro Limited (JSE:REM)""";https://www.listcorp.com/jse/rem/remgro-limited;"""	81594700000""";154,5;0,32;0,21;Financials;"(JSE:REM)""";(JSE:REM;JSE:REM;REM;REM.JO
JSE:REN;"""Renergen Limited (JSE:REN)""";https://www.listcorp.com/jse/ren/renergen-limited;"""	1939640000""";12,33;-0,18;-1,44;"""Oil & Gas""";"(JSE:REN)""";(JSE:REN;JSE:REN;REN;REN.JO
JSE:RES;"""Resilient REIT Limited (JSE:RES)""";https://www.listcorp.com/jse/res/resilient-reit-limited;"""	21894000000""";60,4;0,45;0,75;Financials;"(JSE:RES)""";(JSE:RES;JSE:RES;RES;RES.JO
JSE:RLO;"""Reunert Limited (JSE:RLO)""";https://www.listcorp.com/jse/rlo/reunert-limited;"""	10189100000""";56,26;0,48;0,86;Industrials;"(JSE:RLO)""";(JSE:RLO;JSE:RLO;RLO;RLO.JO
JSE:RTN;"""Rex Trueform Group - N Shares (JSE:RTN)""";https://www.listcorp.com/jse/rtn/rex-trueform-group-n;"""	232846000""";12,5;0;0;"""Consumer Services""";"(JSE:RTN)""";(JSE:RTN;JSE:RTN;RTN;RTN.JO
JSE:RTO;"""Rex Trueform Group (JSE:RTO)""";https://www.listcorp.com/jse/rto/rex-trueform-group;"""	44403600""";11,8;0;0;"""Consumer Services""";"(JSE:RTO)""";(JSE:RTO;JSE:RTO;RTO;RTO.JO
JSE:RFG;"""RFG Holdings Limited (JSE:RFG)""";https://www.listcorp.com/jse/rfg/rfg-holdings-limited;"""	4466950000""";17,04;0,04;0,24;"""Consumer Goods""";"(JSE:RFG)""";(JSE:RFG;JSE:RFG;RFG;RFG.JO
JSE:RHB;"""RH Bophelo Limited (JSE:RHB)""";https://www.listcorp.com/jse/rhb/rh-bophelo-limited;"""	129383000""";2;0;0;Financials;"(JSE:RHB)""";(JSE:RHB;JSE:RHB;RHB;RHB.JO
JSE:RMH;"""RMB Holdings Limited (JSE:RMH)""";https://www.listcorp.com/jse/rmh/rmb-holdings-limited;"""	585032000""";0,43;0,01;2,38;Financials;"(JSE:RMH)""";(JSE:RMH;JSE:RMH;RMH;RMH.JO
JSE:SAC;"""SA Corporate Real Estate Fund Limited (JSE:SAC)""";https://www.listcorp.com/jse/sac/sa-corporate-real-estate-fund-limited;"""	8138270000""";3,07;-0,03;-0,97;Financials;"(JSE:SAC)""";(JSE:SAC;JSE:SAC;SAC;SAC.JO
JSE:SBP;"""Sabvest Capital Limited (JSE:SBP)""";https://www.listcorp.com/jse/sbp/sabvest-capital-limited;"""	3942520000""";102,5;-0,25;-0,24;Financials;"(JSE:SBP)""";(JSE:SBP;JSE:SBP;SBP;SBP.JO
JSE:SAR;"""Safari Investments RSA Limited (JSE:SAR)""";https://www.listcorp.com/jse/sar/safari-investments-rsa-limited;"""	1727430000""";6,7;0;0;Financials;"(JSE:SAR)""";(JSE:SAR;JSE:SAR;SAR;SAR.JO
JSE:SLM;"""Sanlam Limited (JSE:SLM)""";https://www.listcorp.com/jse/slm/sanlam-limited;"""	184383000000""";87,875;0,78;0,9;Financials;"(JSE:SLM)""";(JSE:SLM;JSE:SLM;SLM;SLM.JO
JSE:SNT;"""Santam Limited (JSE:SNT)""";https://www.listcorp.com/jse/snt/santam-limited;"""	47975300000""";418,62;1,92;0,46;Financials;"(JSE:SNT)""";(JSE:SNT;JSE:SNT;SNT;SNT.JO
JSE:SNV;"""Santova Limited (JSE:SNV)""";https://www.listcorp.com/jse/snv/santova-limited;"""	1263990000""";10,1;0,35;3,59;Industrials;"(JSE:SNV)""";(JSE:SNV;JSE:SNV;SNV;SNV.JO
JSE:SAP;"""Sappi Limited (JSE:SAP)""";https://www.listcorp.com/jse/sap/sappi-limited;"""	18568500000""";30,92;0,21;0,68;"""Basic Materials""";"(JSE:SAP)""";(JSE:SAP;JSE:SAP;SAP;SAP.JO
JSE:SOLBE1;"""Sasol Limited - BEE (JSE:SOLBE1)""";https://www.listcorp.com/jse/solbe1/sasol-limited-bee;"""	303905000""";48;0;0;"""Basic Materials""";"E:SOLBE1)""";E:SOLBE1;:SOLBE1;BE1;SOLBE1.JO
JSE:SOL;"""Sasol Limited (JSE:SOL)""";https://www.listcorp.com/jse/sol/sasol-limited;"""	65751200000""";97,52;-4,73;-4,63;"""Basic Materials""";"(JSE:SOL)""";(JSE:SOL;JSE:SOL;SOL;SOL.JO
JSE:SCD;"""Schroder European Real Estate Investment Trust (JSE:SCD)""";https://www.listcorp.com/jse/scd/schroeder-european-reit;"""	2167840000""";16,21;0;0;Financials;"(JSE:SCD)""";(JSE:SCD;JSE:SCD;SCD;SCD.JO
JSE:SHG;"""Sea Harvest Group Limited (JSE:SHG)""";https://www.listcorp.com/jse/shg/sea-harvest-group-limited;"""	2978850000""";8,25;0;0;"""Consumer Goods""";"(JSE:SHG)""";(JSE:SHG;JSE:SHG;SHG;SHG.JO
JSE:SEB;"""Sebata Holdings Limited (JSE:SEB)""";https://www.listcorp.com/jse/seb/sebata-holdings;"""	94230400""";0,82;0;0;Technology;"(JSE:SEB)""";(JSE:SEB;JSE:SEB;SEB;SEB.JO
JSE:SEP;"""Sephaku Holdings Limited (JSE:SEP)""";https://www.listcorp.com/jse/sep/sephaku-holdings-limited;"""	407178000""";1,6;0;0;Industrials;"(JSE:SEP)""";(JSE:SEP;JSE:SEP;SEP;SEP.JO
JSE:SHP;"""Shoprite Holdings Limited (JSE:SHP)""";https://www.listcorp.com/jse/shp/shoprite-holdings-limited;"""	162033000000""";276,81;2,79;1,02;"""Consumer Services""";"(JSE:SHP)""";(JSE:SHP;JSE:SHP;SHP;SHP.JO
JSE:SSW;"""Sibanye Stillwater Limited (JSE:SSW)""";https://www.listcorp.com/jse/ssw/sibanye-stillwater-limited;"""	88540100000""";31,09;-0,19;-0,61;"""Basic Materials""";"(JSE:SSW)""";(JSE:SSW;JSE:SSW;SSW;SSW.JO
JSE:SRE;"""Sirius Real Estate (JSE:SRE)""";https://www.listcorp.com/jse/sre/sirius-real-estate;"""	35060300000""";23,37;0,2;0,86;Financials;"(JSE:SRE)""";(JSE:SRE;JSE:SRE;SRE;SRE.JO
JSE:SOH;"""South Ocean Holdings (JSE:SOH)""";https://www.listcorp.com/jse/soh/south-ocean-holdings;"""	294751000""";1,45;0;0;Industrials;"(JSE:SOH)""";(JSE:SOH;JSE:SOH;SOH;SOH.JO
JSE:S32;"""South32 Limited (JSE:S32)""";https://www.listcorp.com/jse/s32/south32-limited;"""	152075000000""";33,82;0,08;0,24;"""Basic Materials""";"(JSE:S32)""";(JSE:S32;JSE:S32;S32;S32.JO
JSE:SDL;"""Southern Palladium Limited (JSE:SDL)""";https://www.listcorp.com/jse/sdl/southern-palladium-limited;"""	545700000""";6;0;0;"""Basic Materials""";"(JSE:SDL)""";(JSE:SDL;JSE:SDL;SDL;SDL.JO
JSE:SPP;"""Spar Group Limited (JSE:SPP)""";https://www.listcorp.com/jse/spp/spar-group-limited;"""	20801100000""";108,32;0,32;0,3;"""Consumer Services""";"(JSE:SPP)""";(JSE:SPP;JSE:SPP;SPP;SPP.JO
JSE:SEA;"""Spear Reit Limited (JSE:SEA)""";https://www.listcorp.com/jse/sea/spear-reit-limited;"""	4169610000""";10,1;0,05;0,5;Financials;"(JSE:SEA)""";(JSE:SEA;JSE:SEA;SEA;SEA.JO
JSE:SUR;"""Spur Corporation Limited (JSE:SUR)""";https://www.listcorp.com/jse/sur/spur-corporation-limited;"""	3184890000""";35,1;0,1;0,29;"""Consumer Services""";"(JSE:SUR)""";(JSE:SUR;JSE:SUR;SUR;SUR.JO
JSE:SDO;"""STADIO Holdings Limited (JSE:SDO)""";https://www.listcorp.com/jse/sdo/stadio-holdings-limited;"""	7162010000""";8,53;0,12;1,43;"""Consumer Services""";"(JSE:SDO)""";(JSE:SDO;JSE:SDO;SDO;SDO.JO
JSE:SBK;"""Standard Bank Group (JSE:SBK)""";https://www.listcorp.com/jse/sbk/standard-bank-group;"""	372933000000""";227,05;0,52;0,23;Financials;"(JSE:SBK)""";(JSE:SBK;JSE:SBK;SBK;SBK.JO
JSE:SSK;"""Stefanutti Stocks Holdings Limited (JSE:SSK)""";https://www.listcorp.com/jse/ssk/stefanutti-stocks-holdings-limited;"""	771131000""";4,1;0;0;Industrials;"(JSE:SSK)""";(JSE:SSK;JSE:SSK;SSK;SSK.JO
JSE:SSS;"""Stor-Age Property REIT (JSE:SSS)""";https://www.listcorp.com/jse/sss/stor-age-property-reit;"""	7682530000""";16,06;0,11;0,69;Financials;"(JSE:SSS)""";(JSE:SSS;JSE:SSS;SSS;SSS.JO
JSE:SUI;"""Sun International Limited (JSE:SUI)""";https://www.listcorp.com/jse/sui/sun-international-limited;"""	10859100000""";42,61;0,55;1,31;"""Consumer Services""";"(JSE:SUI)""";(JSE:SUI;JSE:SUI;SUI;SUI.JO
JSE:SPG;"""Super Group Limited (JSE:SPG)""";https://www.listcorp.com/jse/spg/super-group-limited;"""	4352000000""";13,36;0,56;4,38;Industrials;"(JSE:SPG)""";(JSE:SPG;JSE:SPG;SPG;SPG.JO
JSE:SRI;"""Supermarket Income REIT (JSE:SRI)""";https://www.listcorp.com/jse/sri/supermarket-income-reit;"""	24924800000""";21;1;5;Financials;"(JSE:SRI)""";(JSE:SRI;JSE:SRI;SRI;SRI.JO
JSE:SYG;"""Sygnia Limited (JSE:SYG)""";https://www.listcorp.com/jse/syg/sygnia-limited;"""	4378610000""";28,75;0,6;2,13;Financials;"(JSE:SYG)""";(JSE:SYG;JSE:SYG;SYG;SYG.JO
JSE:TLM;"""TeleMasters Holdings Limited (JSE:TLM)""";https://www.listcorp.com/jse/tlm/telemasters-holdings-limited;"""	57482800""";1;0;0;Telecommunications;"(JSE:TLM)""";(JSE:TLM;JSE:TLM;TLM;TLM.JO
JSE:TKG;"""Telkom SA Limited (JSE:TKG)""";https://www.listcorp.com/jse/tkg/telkom-sa-limited;"""	21876800000""";44,46;1,66;3,88;Telecommunications;"(JSE:TKG)""";(JSE:TKG;JSE:TKG;TKG;TKG.JO
JSE:TEX;"""Texton Property Fund Limited (JSE:TEX)""";https://www.listcorp.com/jse/tex/texton-property-fund-limited;"""	927468000""";3,14;0,33;11,74;Financials;"(JSE:TEX)""";(JSE:TEX;JSE:TEX;TEX;TEX.JO
JSE:THA;"""Tharisa plc (JSE:THA)""";https://www.listcorp.com/jse/tha/tharisa;"""	5812880000""";19,35;0,14;0,73;"""Basic Materials""";"(JSE:THA)""";(JSE:THA;JSE:THA;THA;THA.JO
JSE:TFG;"""The Foschini Group (JSE:TFG)""";https://www.listcorp.com/jse/tfg/the-foschini-group;"""	40716400000""";124,16;1,16;0,94;"""Consumer Services""";"(JSE:TFG)""";(JSE:TFG;JSE:TFG;TFG;TFG.JO
JSE:TGA;"""Thungela Resources Limited (JSE:TGA)""";https://www.listcorp.com/jse/tga/thungela-resources;"""	12096400000""";86,53;0,43;0,5;"""Basic Materials""";"(JSE:TGA)""";(JSE:TGA;JSE:TGA;TGA;TGA.JO
JSE:TBS;"""Tiger Brands Limited (JSE:TBS)""";https://www.listcorp.com/jse/tbs/tiger-brands-limited;"""	56076100000""";316,56;-2,49;-0,78;"""Consumer Goods""";"(JSE:TBS)""";(JSE:TBS;JSE:TBS;TBS;TBS.JO
JSE:TON;"""Tongaat Hulett Limited (JSE:TON)""";https://www.listcorp.com/jse/ton/tongaat-hulett-limited;"""	545855000""";4,04;0;0;"""Consumer Goods""";"(JSE:TON)""";(JSE:TON;JSE:TON;TON;TON.JO
JSE:CPP;"""Collins Property (JSE:CPP)""";https://www.listcorp.com/jse/tdh/tradehold-limited;"""	2090770000""";8;0;0;Financials;"(JSE:CPP)""";(JSE:CPP;JSE:CPP;CPP;CPP.JO
JSE:TCP;"""Transaction Capital Ltd (JSE:TCP)""";https://www.listcorp.com/jse/tcp/transaction-capital-ltd;"""	0""";2,18;0;0;Financials;"(JSE:TCP)""";(JSE:TCP;JSE:TCP;TCP;TCP.JO
JSE:TPC;"""Transpaco Limited (JSE:TPC)""";https://www.listcorp.com/jse/tpc/transpaco-limited;"""	1057620000""";37,99;0;0;Industrials;"(JSE:TPC)""";(JSE:TPC;JSE:TPC;TPC;TPC.JO
JSE:TRL;"""Trellidor Holdings Limited (JSE:TRL)""";https://www.listcorp.com/jse/trl/trellidor-holdings-limited;"""	177090000""";2,2;0,34;18,28;Industrials;"(JSE:TRL)""";(JSE:TRL;JSE:TRL;TRL;TRL.JO
JSE:TMT;"""Trematon Capital Investments Limited (JSE:TMT)""";https://www.listcorp.com/jse/tmt/trematon-capital-investments-limited;"""	342974000""";1,54;0;0;Financials;"(JSE:TMT)""";(JSE:TMT;JSE:TMT;TMT;TMT.JO
JSE:TRE;"""Trencor Limited (JSE:TRE)""";https://www.listcorp.com/jse/tre/trencor-limited;"""	183947000""";1,06;0;0;Industrials;"(JSE:TRE)""";(JSE:TRE;JSE:TRE;TRE;TRE.JO
JSE:TTO;"""Trustco Group Holdings Limited (JSE:TTO)""";https://www.listcorp.com/jse/tto/trustco-group-holdings-limited;"""	357652000""";0,3;0;0;Financials;"(JSE:TTO)""";(JSE:TTO;JSE:TTO;TTO;TTO.JO
JSE:TRU;"""Truworths International Limited (JSE:TRU)""";https://www.listcorp.com/jse/tru/truworths-international-limited;"""	28366200000""";69,43;-0,01;-0,01;"""Consumer Services""";"(JSE:TRU)""";(JSE:TRU;JSE:TRU;TRU;TRU.JO
JSE:TSG;"""Tsogo Sun Gaming (JSE:TSG)""";https://www.listcorp.com/jse/tsg/tsogo-sun-gaming;"""	7746490000""";7,47;0,04;0,54;"""Consumer Services""";"(JSE:TSG)""";(JSE:TSG;JSE:TSG;TSG;TSG.JO
JSE:UPL;"""Universal Partners Limited (JSE:UPL)""";https://www.listcorp.com/jse/upl/universal-partners-limited;"""	1530780000""";21;0;0;Financials;"(JSE:UPL)""";(JSE:UPL;JSE:UPL;UPL;UPL.JO
JSE:VAL;"""Valterra Platinum Limited (JSE:VAL)""";https://www.listcorp.com/jse/val/valterra-platinum-limited;"""	197876000000""";736;-9,85;-1,32;"""Basic Materials""";"(JSE:VAL)""";(JSE:VAL;JSE:VAL;VAL;VAL.JO
JSE:VIS;"""Visual International Holdings Limited (JSE:VIS)""";https://www.listcorp.com/jse/vis/visual-international-holdings;"""	22182300""";0,02;0;0;Financials;"(JSE:VIS)""";(JSE:VIS;JSE:VIS;VIS;VIS.JO
JSE:VOD;"""Vodacom Group Limited (JSE:VOD)""";https://www.listcorp.com/jse/vod/vodacom-group-limited;"""	270182000000""";128,85;-1,18;-0,91;Telecommunications;"(JSE:VOD)""";(JSE:VOD;JSE:VOD;VOD;VOD.JO
JSE:VKE;"""Vukile Property Fund Limited (JSE:VKE)""";https://www.listcorp.com/jse/vke/vukile-property-fund-limited;"""	24830400000""";20;0,05;0,25;Financials;"(JSE:VKE)""";(JSE:VKE;JSE:VKE;VKE;VKE.JO
JSE:VUN;"""Vunani Limited (JSE:VUN)""";https://www.listcorp.com/jse/vun/vunani-limited;"""	352931000""";2,19;0;0;Financials;"(JSE:VUN)""";(JSE:VUN;JSE:VUN;VUN;VUN.JO
JSE:WBC;"""We Buy Cars Holdings Limited (JSE:WBC)""";https://www.listcorp.com/jse/wbc/we-buy-cars-holdings-limited;"""	23953700000""";58,78;1,43;2,49;Technology;"(JSE:WBC)""";(JSE:WBC;JSE:WBC;WBC;WBC.JO
JSE:WSL;"""Wescoal Holdings Limited (JSE:WSL)""";https://www.listcorp.com/jse/wsl/wescoal-holdings-limited;"""	403120000""";0,87;-0,09;-9,38;"""Basic Materials""";"(JSE:WSL)""";(JSE:WSL;JSE:WSL;WSL;WSL.JO
JSE:WEZ;"""Wesizwe Platinum Limited (JSE:WEZ)""";https://www.listcorp.com/jse/wez/wesizwe-platinum-limited;"""	732522000""";0,45;0;0;"""Basic Materials""";"(JSE:WEZ)""";(JSE:WEZ;JSE:WEZ;WEZ;WEZ.JO
JSE:WBO;"""Wilson Bayly Holmes-Ovcon Limited (JSE:WBO)""";https://www.listcorp.com/jse/wbo/wilson-bayly-holmes-ovcon-limited;"""	12901200000""";182,74;1,07;0,59;Industrials;"(JSE:WBO)""";(JSE:WBO;JSE:WBO;WBO;WBO.JO
JSE:WHL;"""Woolworths Holdings Limited (JSE:WHL)""";https://www.listcorp.com/jse/whl/woolworths-holdings-limited;"""	50996900000""";51,73;0,15;0,29;"""Consumer Services""";"(JSE:WHL)""";(JSE:WHL;JSE:WHL;WHL;WHL.JO
JSE:YYLBEE;"""YeboYethu (RF) Limited (JSE:YYLBEE)""";https://www.listcorp.com/jse/yylbee/yeboyethu-rf-limited;"""	1587480000""";31;1;3,33;Financials;"E:YYLBEE)""";E:YYLBEE;:YYLBEE;BEE;YYLBEE.JO
JSE:YRK;"""York Timber Holdings Limited (JSE:YRK)""";https://www.listcorp.com/jse/yrk/york-timber-holdings-limited;"""	929232000""";1,96;0;0;"""Basic Materials""";"(JSE:YRK)""";(JSE:YRK;JSE:YRK;YRK;YRK.JO
JSE:ZZD;"""Zeda Limited (JSE:ZZD)""";https://www.listcorp.com/jse/zzd/zeda-limited;"""	2307940000""";12,2;0,03;0,25;"""Consumer Goods""";"(JSE:ZZD)""";(JSE:ZZD;JSE:ZZD;ZZD;ZZD.JO
JSE:ZED;"""Zeder Investments Limited (JSE:ZED)""";https://www.listcorp.com/jse/zed/zeder-investments-limited;"""	1894400000""";1,22;-0,01;-0,81;Financials;"(JSE:ZED)""";(JSE:ZED;JSE:ZED;ZED;ZED.JO
ADI;adaptIT Holdings Limited;adaptit.co.za;;;;;ICT Group, serving customers in the manufacturing, mining, higher education and financial services sectors;"(JSE:ADI)""";(JSE:ADI;JSE:ADI;ADI;ADI.JO
AVL;Advanced Health Limited;;;;;;Real estate;"(JSE:AVL)""";(JSE:AVL;JSE:AVL;AVL;AVL.JO
ATI;Afristrat Investment Holdings Limited;;;;;;;"(JSE:ATI)""";(JSE:ATI;JSE:ATI;ATI;ATI.JO
AGI;AG Industries Limited;ag-industries.com;;;;;"Fabricated glass and aluminum products for homes and skyscrapers; windows, mirrors, laminates";"(JSE:AGI)""";(JSE:AGI;JSE:AGI;AGI;AGI.JO
ALH;Alaris Holdings Limited;;;;;;;"(JSE:ALH)""";(JSE:ALH;JSE:ALH;ALH;ALH.JO
ANANP;Anglo America Platinum Ltd;angloamericanplatinum.com;;;;;Platinum mining;"(JSE:ANANP)""";(JSE:ANANP;JSE:ANANP;ANANP;ANANP.JO
ARH;ARB Holdings Limited;arbhold.co.za;;;;;supplier of electrical, lighting and related industrial products to a wide range of customers and market segments across South and sub-Saharan Africa;"(JSE:ARH)""";(JSE:ARH;JSE:ARH;ARH;ARH.JO
AWA;Arrowhead Properties Limited;arrowheadproperties.co.za;;;;;Property loan stock company holding a diverse portfolio of retail, industrial and commercial buildings in secondary locations throughout South Africa;"(JSE:AWA)""";(JSE:AWA;JSE:AWA;AWA;AWA.JO
BSR;Basil Read Holdings Limited;basilread.co.za;;;;;civil engineering, building construction, road construction, mining services;"(JSE:BSR)""";(JSE:BSR;JSE:BSR;BSR;BSR.JO
BAU;Bauba Resources Limited;baubaplatinum.co.za;;;;;platinum exploration company;"(JSE:BAU)""";(JSE:BAU;JSE:BAU;BAU;BAU.JO
BUC;Buffalo Coal Corporation;;;;;;;"(JSE:BUC)""";(JSE:BUC;JSE:BUC;BUC;BUC.JO
CPF;Capital Property Fund;capitalproperty.co.za;;;;;financial services;"(JSE:CPF)""";(JSE:CPF;JSE:CPF;CPF;CPF.JO
CRG;Cargo Carriers Limited;cargocarriers.co.za;;;;;trans-Southern Africa trucking, industrial trucking;"(JSE:CRG)""";(JSE:CRG;JSE:CRG;CRG;CRG.JO
CDZ;Cadiz Holdings Limited;cadiz.co.za;;;;;financial services;"(JSE:CDZ)""";(JSE:CDZ;JSE:CDZ;CDZ;CDZ.JO
CRM;Ceramic Industries Limited;ceramic.co.za;;;;;tiles and sanitaryware;"(JSE:CRM)""";(JSE:CRM;JSE:CRM;CRM;CRM.JO
CLR;Clover Industries Ltd;clover.co.za;;;;;"dairy products; consumer goods";"(JSE:CLR)""";(JSE:CLR;JSE:CLR;CLR;CLR.JO
CMA;Command Holdings Limited;command.co.za;;;;;security services;"(JSE:CMA)""";(JSE:CMA;JSE:CMA;CMA;CMA.JO
CCL;Compu Clearing Outsourcing Limited;compu-clearing.co.za;;;;;air cargo services;"(JSE:CCL)""";(JSE:CCL;JSE:CCL;CCL;CCL.JO
CNX;Conafex Holdings Societe Anonyme;;;;;;tea, health food;"(JSE:CNX)""";(JSE:CNX;JSE:CNX;CNX;CNX.JO
CCR;Concor Limited;concor.co.za;;;;;"building society; civil engineering";"(JSE:CCR)""";(JSE:CCR;JSE:CCR;CCR;CCR.JO
CNS;Consol Limited;;;;;;glass, glass goods, plastic;"(JSE:CNS)""";(JSE:CNS;JSE:CNS;CNS;CNS.JO
CNL;Control Instruments Group Limited;ci.co.za;;;;;automotive components, automotive electronics, automotive industry services;"(JSE:CNL)""";(JSE:CNL;JSE:CNL;CNL;CNL.JO
CVS;Corvus Capital (SA) Holdings Limited;corvuscapital.com;;;;;financial services;"(JSE:CVS)""";(JSE:CVS;JSE:CVS;CVS;CVS.JO
CUL;Cullinan Holdings Limited;cullinan.co.za;;;;;holding company involved in tourism and leisure;"(JSE:CUL)""";(JSE:CUL;JSE:CUL;CUL;CUL.JO
DST;Distell Group Limited;distell.co.za;;;;;alcoholic beverages;"(JSE:DST)""";(JSE:DST;JSE:DST;DST;DST.JO
EPP;EPP NV;;;;;;;"(JSE:EPP)""";(JSE:EPP;JSE:EPP;EPP;EPP.JO
ERN;Erin Energy Corporation;;;;;;;"(JSE:ERN)""";(JSE:ERN;JSE:ERN;ERN;ERN.JO
ETO;Etion Limited;;;;;;;"(JSE:ETO)""";(JSE:ETO;JSE:ETO;ETO;ETO.JO
FTB;Fairvest Property Holdings Limited;;;;;;commercial and residential property management;"(JSE:FTB)""";(JSE:FTB;JSE:FTB;FTB;FTB.JO
FTA;Fairvest Property Holdings Limited;;;;;;;"(JSE:FTA)""";(JSE:FTA;JSE:FTA;FTA;FTA.JO
FSE;Firestone Energy Limited;;;;;;Energy;"(JSE:FSE)""";(JSE:FSE;JSE:FSE;FSE;FSE.JO
FDP;Freedom Property Fund Limited;;;;;;a property fund;"(JSE:FDP)""";(JSE:FDP;JSE:FDP;FDP;FDP.JO
GNDP;Grindrond Shipping Holdings Limited;;;;;;;"(JSE:GNDP)""";(JSE:GNDP;JSE:GNDP;GNDP;GNDP.JO
HAL;Halogen Holdings Societe Anonyme;Halogen-hired web page service;;;;;Luxembourg-based holding company, mining, gold mining;"(JSE:HAL)""";(JSE:HAL;JSE:HAL;HAL;HAL.JO
HVL;Highveld Steel and Vanadium Corporation Limited;highveldsteel.co.za;;;;;metallurgy;"(JSE:HVL)""";(JSE:HVL;JSE:HVL;HVL;HVL.JO
HPA;Hospitality Property Fund Limited;hpf.co.za;;;;;hotel and resort property fund;"(JSE:HPA)""";(JSE:HPA;JSE:HPA;HPA;HPA.JO
BSB;The House of Busby Limited;busbyhouse.com;;;;;fashion;"(JSE:BSB)""";(JSE:BSB;JSE:BSB;BSB;BSB.JO
HWN;Howden Africa Holdings Limited;HowdenAfrica/;;;;;"global company; industrial machinery";"(JSE:HWN)""";(JSE:HWN;JSE:HWN;HWN;HWN.JO
HWHWA;Hwange Colliery Company Limited;hwangecolliery.co.zw;;;;;Zimbabwe-based coal company;"(JSE:HWHWA)""";(JSE:HWHWA;JSE:HWHWA;HWHWA;HWHWA.JO
IDN;Idion Technology Holdings Limited;;;;;;suspended from trading;"(JSE:IDN)""";(JSE:IDN;JSE:IDN;IDN;IDN.JO
IFH;IFA Hotels and Resorts Limited;;;;;;hotels and resorts;"(JSE:IFH)""";(JSE:IFH;JSE:IFH;IFH;IFH.JO
IFR;Ifour Properties Limited;;;;;;"delisted; financial services, real estate investment trusts";"(JSE:IFR)""";(JSE:IFR;JSE:IFR;IFR;IFR.JO
ILA;Iliad Africa Limited;iliadafrica.co.za;;;;;building materials and supplies;"(JSE:ILA)""";(JSE:ILA;JSE:ILA;ILA;ILA.JO
ILV;Illovo Sugar Limited;illovo.co.za;;;;;Southern African sugarcane grower;"(JSE:ILV)""";(JSE:ILV;JSE:ILV;ILV;ILV.JO
IPL;Imperial Holdings Limited;imperial.co.za;;;;;mobility/freight, including trucking, aviation, rentals, insurance;"(JSE:IPL)""";(JSE:IPL;JSE:IPL;IPL;IPL.JO
IMU;Imuniti Holdings;imuniti.co.za;;;;;pharmaceuticals, dietary supplements, natural medicine;"(JSE:IMU)""";(JSE:IMU;JSE:IMU;IMU;IMU.JO
IDQ;Indequity Group Limited;;;;;;insurance and financial services;"(JSE:IDQ)""";(JSE:IDQ;JSE:IDQ;IDQ;IDQ.JO
IFW;Infowave Holdings Limited;infowave.co.za/;;;;;information technology;"(JSE:IFW)""";(JSE:IFW;JSE:IFW;IFW;IFW.JO
IPS;IPSA Group;ipsagroup.co.uk;;;;;electricity generation;"(JSE:IPS)""";(JSE:IPS;JSE:IPS;IPS;IPS.JO
JSC;Jasco Electronics Holdings Limited;jasco.co.za;;;;;"electronics manufacture including telecom towers and ancillary equipment; electrical cables and security equipment";"(JSE:JSC)""";(JSE:JSC;JSE:JSC;JSC;JSC.JO
L2D;Liberty Two Degrees Limited;;;;;;Property;"(JSE:L2D)""";(JSE:L2D;JSE:L2D;L2D;L2D.JO
LBH;Liberty Holdings Limited;liberty.co.za;;;;;the holding company for Liberty Life, an insurance company;"(JSE:LBH)""";(JSE:LBH;JSE:LBH;LBH;LBH.JO
LNF;London Finance & Investment Group plc;;;;;;financial services;"(JSE:LNF)""";(JSE:LNF;JSE:LNF;LNF;LNF.JO
L4L;Long4life Limited;;;;;;;"(JSE:L4L)""";(JSE:L4L;JSE:L4L;L4L;L4L.JO
LUX;Luxe Holdings Limited;;;;;;luxury goods;"(JSE:LUX)""";(JSE:LUX;JSE:LUX;LUX;LUX.JO
MCU;M Cubed Holdings Limited;;;;;;financial services;"(JSE:MCU)""";(JSE:MCU;JSE:MCU;MCU;MCU.JO
MDN;Madison Property Fund Managers Holdings Ltd;;;;;;;"(JSE:MDN)""";(JSE:MDN;JSE:MDN;MDN;MDN.JO
MKL;Makalani Holdings Limited;;;;;;"holding company; finance";"(JSE:MKL)""";(JSE:MKL;JSE:MKL;MKL;MKL.JO
MAS;Masonite (Africa) Limited;;;;;;forestry, construction materials;"(JSE:MAS)""";(JSE:MAS;JSE:MAS;MAS;MAS.JO
MSM;Massmart Holdings Limited;;;;;;retail;"(JSE:MSM)""";(JSE:MSM;JSE:MSM;MSM;MSM.JO
MTZ;Matodzi Resources Limited;;;;;;diamonds in Lesotho;"(JSE:MTZ)""";(JSE:MTZ;JSE:MTZ;MTZ;MTZ.JO
MDC;Medi-Clinic Corporation Limited;;;;;;;"(JSE:MDC)""";(JSE:MDC;JSE:MDC;MDC;MDC.JO
MTL;Mercantile Bank Holdings Limited;;;;;;;"(JSE:MTL)""";(JSE:MTL;JSE:MTL;MTL;MTL.JO
MML;Metmar Limited;;;;;;direct mail, logistics;"(JSE:MML)""";(JSE:MML;JSE:MML;MML;MML.JO
MTX;Metorex Limited;;;;;;mining, support to the mining industry;"(JSE:MTX)""";(JSE:MTX;JSE:MTX;MTX;MTX.JO
MMG;Micromega Holdings Limited;;;;;;financial services, information technology, automotive;"(JSE:MMG)""";(JSE:MMG;JSE:MMG;MMG;MMG.JO
MMH;Miranda Mineral Holdings Limited;;;;;;prospecting: diamonds, coal, gold, silver, base metals;"(JSE:MMH)""";(JSE:MMH;JSE:MMH;MMH;MMH.JO
MLA;Mittal Steel South Africa Limited;;;;;;Arcelor-Mittal, a global steel company;"(JSE:MLA)""";(JSE:MLA;JSE:MLA;MLA;MLA.JO
MMI;MMI Holdings Limited;mmiholdings.co.za;;;;;life insurance, employee benefits, medical scheme, health insurance, asset management;"(JSE:MMI)""";(JSE:MMI;JSE:MMI;MMI;MMI.JO
MOB;Mobile Industries Limited;;;;;;marine cargo industry, including beer kegs, transponders and software solutions;"(JSE:MOB)""";(JSE:MOB;JSE:MOB;MOB;MOB.JO
MNY;Moneyweb Holdings Limited;;;;;;financial information;"(JSE:MNY)""";(JSE:MNY;JSE:MNY;MNY;MNY.JO
MTE;Monteagle Holdings Societe Anonyme;;;;;;;"(JSE:MTE)""";(JSE:MTE;JSE:MTE;MTE;MTE.JO
MVG;Mvelaphanda Group Limited;;;;;;industrial support services (food, transport, etc.), including the mining industry;"(JSE:MVG)""";(JSE:MVG;JSE:MVG;MVG;MVG.JO
MVR;Mvelaphanda Resources Limited;;;;;;mining and exploration, including gold, platinum, manganese, diamonds;"(JSE:MVR)""";(JSE:MVR;JSE:MVR;MVR;MVR.JO
MVS;Mvelaserve Ltd;mvelaserve.co.za;;;;;business support, security, catering, manufacturing, freight;"(JSE:MVS)""";(JSE:MVS;JSE:MVS;MVS;MVS.JO
NBKP;Nedbank Limited-Preference Shares;;;;;;;"(JSE:NBKP)""";(JSE:NBKP;JSE:NBKP;NBKP;NBKP.JO
NAI;New African Investments Limited;;;;;;car rental, publishing, radio, film, television;"(JSE:NAI)""";(JSE:NAI;JSE:NAI;NAI;NAI.JO
NCA;New Corpcapital Limited;;;;;;brokerage;"(JSE:NCA)""";(JSE:NCA;JSE:NCA;NCA;NCA.JO
OLG;Onelogix Group Limited;;;;;;logistics;"(JSE:OLG)""";(JSE:OLG;JSE:OLG;OLG;OLG.JO
PEM;Pembury Lifestyle Group Limited;;;;;;;"(JSE:PEM)""";(JSE:PEM;JSE:PEM;PEM;PEM.JO
PFB;Premier Fishing and Brands Limited;;;;;;Foods;"(JSE:PFB)""";(JSE:PFB;JSE:PFB;PFB;PFB.JO
PSG;PSG Group Limited;psggroup.co.za;;;;;financial services;"(JSE:PSG)""";(JSE:PSG;JSE:PSG;PSG;PSG.JO
RACP;RECM & Calibre Ltd;recm.co.za;;;;;financial services, fund management;"(JSE:RACP)""";(JSE:RACP;JSE:RACP;RACP;RACP.JO
RAH;Real Africa Holdings Limited;;;;;;"holding company; food and healthcare";"(JSE:RAH)""";(JSE:RAH;JSE:RAH;RAH;RAH.JO
RSG;Resource Generation Ltd;resgen.com.au;;;;;energy resources, coal, mining;"(JSE:RSG)""";(JSE:RSG;JSE:RSG;RSG;RSG.JO
RBP;Royal Bafokeng Platinum Ltd;bafokengplatinum.co.za;;;;;mining;"(JSE:RBP)""";(JSE:RBP;JSE:RBP;RBP;RBP.JO
SBL;Sable Holdings Limited;;;;;;property, hotels, trading, automotive accessories;"(JSE:SBL)""";(JSE:SBL;JSE:SBL;SBL;SBL.JO
SAB;SABMiller Plc;sabmiller.com;;;;;beer, soft drinks, global leader;"(JSE:SAB)""";(JSE:SAB;JSE:SAB;SAB;SAB.JO
SAL;Sallies Limited;;;;;;mining, fluorspar;"(JSE:SAL)""";(JSE:SAL;JSE:SAL;SAL;SAL.JO
SFN;Sasfin Holdings Limited;sasfin.com;;;;;banking, commercial banking;"(JSE:SFN)""";(JSE:SFN;JSE:SFN;SFN;SFN.JO
SER;Seardel Investment Corporation;seardel.co.za;;;;;"clothing manufacture; textile manufacture; electronic goods and toys";"(JSE:SER)""";(JSE:SER;JSE:SER;SER;SER.JO
SDH;SecureData;securedata.co.za;;;;;"information security; information risk management";"(JSE:SDH)""";(JSE:SDH;JSE:SDH;SDH;SDH.JO
SKJ;Sekunjalo Investments Limited;sekunjalo.com;;;;;investment in industry;"(JSE:SKJ)""";(JSE:SKJ;JSE:SKJ;SKJ;SKJ.JO
SNU;Sentula Mining;sentula.co.za;;;;;"mining; metals, coal, mining services; formerly Scharrig Mining";"(JSE:SNU)""";(JSE:SNU;JSE:SNU;SNU;SNU.JO
STO;Set Point Technology Holdings Limited;setpoint.co.za;;;;;"industrial technology; axles, wheels, meters, pumps, engineering supplies";"(JSE:STO)""";(JSE:STO;JSE:STO;STO;STO.JO
SBG;Simeka BSG Limited;simekabusinessgroup.co.za;;;;;"software; desktop and server management including computer hardware, infrastructure and applications";"(JSE:SBG)""";(JSE:SBG;JSE:SBG;SBG;SBG.JO
SIM;Simmer & Jack Mines Ltd;simmers.co.za;;;;;uranium, gold;"(JSE:SIM)""";(JSE:SIM;JSE:SIM;SIM;SIM.JO
SYA;Siyathenga Property Fund Limited;;;;;;"merged with another company; is not now listed";"(JSE:SYA)""";(JSE:SYA;JSE:SYA;SYA;SYA.JO
SLO;Southern Electricity Company Limited;selco.co.za;;;;;electricity generation in Namibia and South Africa;"(JSE:SLO)""";(JSE:SLO;JSE:SLO;SLO;SLO.JO
SOV;Sovereign Food Investments Limited;sovfoods.co.za;;;;;food, chickens, animal feed;"(JSE:SOV)""";(JSE:SOV;JSE:SOV;SOV;SOV.JO
SPA;Spanjaard Limited;spanjaardltd.com;;;;;"lubricants and chemicals, specialized lubricants; a global company";"(JSE:SPA)""";(JSE:SPA;JSE:SPA;SPA;SPA.JO
SPS;Spescom Limited;spescom.co.za;;;;;"information technology, communications technology; speech and voice technology";"(JSE:SPS)""";(JSE:SPS;JSE:SPS;SPS;SPS.JO
SQE;Square One Solutions Group Limited;squareonegroup.co.za;;;;;"information technology; bar coding; security";"(JSE:SQE)""";(JSE:SQE;JSE:SQE;SQE;SQE.JO
SHF;Steinhoff International Holdings;steinhoffinternational.com;;;;;industry, logistics, manufacturing, furniture, household goods;"(JSE:SHF)""";(JSE:SHF;JSE:SHF;SHF;SHF.JO
SHFF;Steinhoff Investment Holdings-Preference;;;;;;subsidiary company of Steinhoff International Holdings;"(JSE:SHFF)""";(JSE:SHFF;JSE:SHFF;SHFF;SHFF.JO
SLL;Stella Vista Technologies Ltd;stellavista.com;;;;;large-scale multimedia systems including systems for train stations and airports, sports event video display systems, scoreboards;"(JSE:SLL)""";(JSE:SLL;JSE:SLL;SLL;SLL.JO
STA;Stratcorp Limited;stratcorp.co.za;;;;;financial services, financial products including real estate-based financial products;"(JSE:STA)""";(JSE:STA;JSE:STA;STA;STA.JO
SYC;Sycom Property Fund Managers Limited;sycom.co.za;;;;;"financial services; a closed-end property unit trust";"(JSE:SYC)""";(JSE:SYC;JSE:SYC;SYC;SYC.JO
TAW;Tawana Resources NL;tawana.com.au;;;;;Australia-based diamond exploration company;"(JSE:TAW)""";(JSE:TAW;JSE:TAW;TAW;TAW.JO
TBX;Thabex Exploration Limited;thabex.com;;;;;diamonds, coal, gold;"(JSE:TBX)""";(JSE:TBX;JSE:TBX;TBX;TBX.JO
VLE;Value Group Limited;;;;;;mobility/logistics, cargo handling, trucking, auto rental, refrigerated trucks;"(JSE:VLE)""";(JSE:VLE;JSE:VLE;VLE;VLE.JO
WEA;W G Wearne Limited;;;;;;concrete and aggregates;"(JSE:WEA)""";(JSE:WEA;JSE:WEA;WEA;WEA.JO
WKF;Workforce Holdings Limited;;;;;;;"(JSE:WKF)""";(JSE:WKF;JSE:WKF;WKF;WKF.JO
ZCL;Zaclear Holdings Limited;;;;;;;"(JSE:ZCL)""";(JSE:ZCL;JSE:ZCL;ZCL;ZCL.JO
IOC;iOCO Limited;;;;;;;"(JSE:IOC)""";(JSE:IOC;JSE:IOC;IOC;IOC.JO
